URL,Country,Election Year,Round,Chief of Mission,Deputy Chief,Election Types,Observed Topics,Observers,Donors,Invitation,Acceptance,Installation,Election Date,Withdrawal
https://www.oas.org/EOMDatabase/moeInfo.aspx?Lang=En&Id=162,Peru,2014,First,Sergio Abreu,Brenda Santamaria,"Regional, Municipal","Gender, Political-Electoral Financing",32,"France, Norway, United States of America",06/19/2014,06/24/2014,,10/05/2014,
https://www.oas.org/EOMDatabase/moeInfo.aspx?Lang=En&Id=163,Dominican Republic,2012,First,Tabare Vazquez,David Alvarez Veloso,Presidential,"Gender, Media, Political-Electoral Financing",69,"Argentina, Canada, Chile, Korea, Republic of, Spain, United States of America",11/14/2011,11/15/2011,,05/20/2012,
https://www.oas.org/EOMDatabase/moeInfo.aspx?Lang=En&Id=164,Costa Rica,1962,First,Manuel Bianchi,,Presidential,,3,,01/26/1962,,,02/04/1962,
https://www.oas.org/EOMDatabase/moeInfo.aspx?Lang=En&Id=165,Paraguay,2013,First,Óscar Arias Sánchez,David Alvarez Veloso,"Presidential, Legislative, Regional, Local","Gender, Political-Electoral Financing",79,"Canada, Chile, Costa Rica, Israel, Italy, Korea, Republic of, Peru, Spain, Suriname, Switzerland, United States of America",08/17/2012,08/21/2012,,04/21/2013,
https://www.oas.org/EOMDatabase/moeInfo.aspx?Lang=En&Id=166,El Salvador,2014,First,Gustavo Fernandez Saavedra,Cristobal Fernandez,Presidential,Political-Electoral Financing,62,"Bolivia, Chile, France, Israel, Italy, Luxembourg, Spain, United States of America",08/14/2013,08/19/2013,01/20/2014,02/02/2014,02/06/2014
https://www.oas.org/EOMDatabase/moeInfo.aspx?Lang=En&Id=166,El Salvador,2014,Second,Gustavo Fernandez Saavedra,Cristobal Fernandez,Presidential,,75,"Bolivia, Chile, France, Israel, Italy, Luxembourg, Spain, United States of America",08/14/2013,08/19/2013,02/23/2014,03/09/2014,03/26/2014
https://www.oas.org/EOMDatabase/moeInfo.aspx?Lang=En&Id=167,Guatemala,2011,First,Jose Octavio Bordon,David Alvarez Veloso,"Presidential, Parliamentary, Regional, Municipal, Regional Parliament","Gender, Political-Electoral Financing",87,"Bolivia, Canada, Chile, Italy, Korea, Republic of, Spain, Sweden, Switzerland, United States of America",09/02/2010,09/15/2010,07/28/2011,09/11/2011,
https://www.oas.org/EOMDatabase/moeInfo.aspx?Lang=En&Id=167,Guatemala,2011,Second,Jose Octavio Bordon,David Alvarez Veloso,Presidential,Gender,69,"Italy, Spain, United States of America",09/02/2010,09/15/2010,10/22/2011,11/06/2011,11/10/2011
https://www.oas.org/EOMDatabase/moeInfo.aspx?Lang=En&Id=168,Bolivia,2014,First,Alvaro Colom,Rosa Patricia Serpa Moncada,Presidential,"Gender, Political-Electoral Financing",62,"France, Korea, Republic of, Peru, Serbia, Spain, Switzerland, United States of America",05/13/2014,06/16/2014,09/20/2014,10/12/2014,10/20/2014
https://www.oas.org/EOMDatabase/moeInfo.aspx?Lang=En&Id=169,Bolivia,2011,First,Martín Torrijos,Betilde Munoz,"Constituent Assembly, Judiciary Organism",,17,"Argentina, Brazil, Canada, Korea, Republic of, Norway, Switzerland",05/05/2011,05/16/2011,06/30/2011,10/16/2011,
https://www.oas.org/EOMDatabase/moeInfo.aspx?Lang=En&Id=170,Bolivia,2010,First,Aristides Royo,Steven Griner,"Regional, Municipal",,47,"Brazil, Canada, Korea, Republic of, Spain, United States of America, Venezuela",02/18/2010,03/10/2010,03/22/2010,04/04/2010,04/21/2010
https://www.oas.org/EOMDatabase/moeInfo.aspx?Lang=En&Id=171,Bolivia,2009,First,Horacio Serpa Uribe,Rebeca Omaña,"Presidential, Legislative, Referendum",,119,"Brazil, Canada, Chile, China, Korea, Republic of, United States of America",09/02/2009,09/11/2009,11/02/2009,12/06/2009,12/13/2009
https://www.oas.org/EOMDatabase/moeInfo.aspx?Lang=En&Id=172,Bolivia,2009,First,Raul Lago,Rebeca Omaña,Referendum,,63,"Argentina, Brazil, Canada, Chile, Germany, Mexico, Peru, Spain",11/11/2008,11/25/2008,01/13/2009,01/25/2009,01/30/2009
https://www.oas.org/EOMDatabase/moeInfo.aspx?Lang=En&Id=173,Bolivia,2008,First,Eduardo Stein,Rebeca Omaña,Referendum,,117,"Canada, Chile, Spain, United States of America, Venezuela",05/15/2008,05/27/2008,07/26/2008,08/10/2008,
https://www.oas.org/EOMDatabase/moeInfo.aspx?Lang=En&Id=175,Bolivia,2006,First,Horacio Serpa Uribe,Steven Griner,"Referendum, Constituent Assembly",,34,"Canada, United States of America",04/13/2006,06/22/2006,,07/02/2006,
https://www.oas.org/EOMDatabase/moeInfo.aspx?Lang=En&Id=176,Bolivia,2005,First,Horacio Serpa Uribe,Steven Griner,"Presidential, Prefects",,166,"Argentina, Brazil, Canada, Denmark, Japan, Netherlands, Spain, Sweden, United States of America",,,,12/18/2005,
https://www.oas.org/EOMDatabase/moeInfo.aspx?Lang=En&Id=177,Bolivia,2004,First,Alejandro Balsells,,Municipal,,14,"Brazil, Peru, United States of America",,,,05/12/2004,
https://www.oas.org/EOMDatabase/moeInfo.aspx?Lang=En&Id=178,Bolivia,2004,First,Moises Benamor,,Referendum,,21,,,,,07/18/2004,
https://www.oas.org/EOMDatabase/moeInfo.aspx?Lang=En&Id=179,Bolivia,2002,First,Elizabeth Spehar,,"Presidential, Legislative",,54,,,,,06/30/2002,
https://www.oas.org/EOMDatabase/moeInfo.aspx?Lang=En&Id=180,Bolivia,1997,First,Diego Paz Bustamante,,"Presidential, Legislative",,26,United States of America,,,,06/01/1997,
https://www.oas.org/EOMDatabase/moeInfo.aspx?Lang=En&Id=181,Bolivia,1978,First,,,Presidential,,,,06/30/1978,,,07/09/1978,
https://www.oas.org/EOMDatabase/moeInfo.aspx?Lang=En&Id=182,Bolivia,1966,First,,,Presidential,,,,,,,07/03/1966,
https://www.oas.org/EOMDatabase/moeInfo.aspx?Lang=En&Id=183,Guatemala,1970,First,,,Presidential,,,,,,,03/01/1970,
https://www.oas.org/EOMDatabase/moeInfo.aspx?Lang=En&Id=184,Guatemala,1980,First,,,Municipal,,,,04/01/1980,04/07/1980,,04/20/1980,
https://www.oas.org/EOMDatabase/moeInfo.aspx?Lang=En&Id=185,Guatemala,1990,First,,,"Presidential, Legislative, Municipal",,,,,,,11/11/1990,
https://www.oas.org/EOMDatabase/moeInfo.aspx?Lang=En&Id=185,Guatemala,1990,Second,,,"Presidential, Parliamentary, Municipal",,,,,,,01/06/1991,
https://www.oas.org/EOMDatabase/moeInfo.aspx?Lang=En&Id=186,Guatemala,1995,First,Elizabeth Spehar,Ruben Perina,"Presidential, Legislative, Local",,52,"Japan, United States of America",,,,11/12/1995,
https://www.oas.org/EOMDatabase/moeInfo.aspx?Lang=En&Id=186,Guatemala,1995,Second,Elizabeth Spehar,Ruben Perina,"Presidential, Legislative, Local",,60,,,,,01/07/1996,
https://www.oas.org/EOMDatabase/moeInfo.aspx?Lang=En&Id=187,Guatemala,1999,First,Edgardo Reis,,Referendum,,30,"Canada, United States of America",04/05/1999,04/13/1999,,05/16/1999,
https://www.oas.org/EOMDatabase/moeInfo.aspx?Lang=En&Id=188,Guatemala,1999,First,Edgardo Reis,Hector Vanolli,"Presidential, Legislative, Municipal",,76,"Canada, United States of America",,,,11/07/1999,
https://www.oas.org/EOMDatabase/moeInfo.aspx?Lang=En&Id=188,Guatemala,1999,Second,Eduardo Reis,Hector Vanolli,Presidential,,77,"Canada, United States of America",,,,12/26/1999,
https://www.oas.org/EOMDatabase/moeInfo.aspx?Lang=En&Id=189,Colombia,2014,First,José María Figueres,Carlos Alejandro Urizar Cabrera,Presidential,Political-Electoral Financing,64,"Canada, France, Korea, Republic of, Peru, Switzerland, United States of America",10/30/2013,12/02/2013,05/13/2014,05/25/2014,05/30/2014
https://www.oas.org/EOMDatabase/moeInfo.aspx?Lang=En&Id=189,Colombia,2014,Second,José María Figueres,Carlos Alejandro Urizar Cabrera,Presidential,,74,"Canada, France, Israel, Korea, Republic of, Peru, Spain, Switzerland, United States of America",10/30/2013,12/02/2013,06/03/2014,06/15/2014,06/20/2014
https://www.oas.org/EOMDatabase/moeInfo.aspx?Lang=En&Id=190,Colombia,2014,First,Jose Antonio Viera-Gallo,Carlos Alejandro Urizar Cabrera,Legislative,"Gender, Political-Electoral Financing",27,"Spain, Switzerland",,12/02/2013,03/02/2014,03/09/2014,03/12/2014
https://www.oas.org/EOMDatabase/moeInfo.aspx?Lang=En&Id=191,Grenada,2013,First,Joshua Sears,Sara Mia Noguera Guevara,Parliamentary,,19,"Argentina, Bolivia, Chile, Mexico, United Kingdom, United States of America",01/08/2013,01/09/2013,02/11/2013,02/19/2013,02/21/2013
https://www.oas.org/EOMDatabase/moeInfo.aspx?Lang=En&Id=192,Grenada,2008,First,Albert Ramdin,Steven Griner,Parliamentary,,20,"Canada, China, United Kingdom, United States of America",01/30/2008,,,07/08/2008,
https://www.oas.org/EOMDatabase/moeInfo.aspx?Lang=En&Id=193,Guatemala,2003,First,Valentín Paniagua Corazao,Moises Benamor,"Presidential, Legislative, Municipal",,164,"Canada, Japan, Netherlands, Norway, Switzerland, United Kingdom, United States of America",04/11/2003,,07/10/2003,11/09/2003,
https://www.oas.org/EOMDatabase/moeInfo.aspx?Lang=En&Id=193,Guatemala,2003,Second,Valentin Paniagua Corazao,Moises Benamor,"Presidential, Legislative, Municipal",,62,,04/11/2003,,,12/28/2003,
https://www.oas.org/EOMDatabase/moeInfo.aspx?Lang=En&Id=194,Grenada,2003,First,Corinne Mcknight,,Parliamentary,,5,"Brazil, United States of America",10/20/2003,11/10/2003,,11/27/2003,
https://www.oas.org/EOMDatabase/moeInfo.aspx?Lang=En&Id=195,Guatemala,2007,First,Diego García-Sayán,Moises Benamor,"Presidential, Legislative, Municipal",,202,"Brazil, Canada, China, El Salvador, Japan, Korea, Republic of, Norway, Peru, Spain, United States of America",10/05/2006,10/17/2006,05/02/2007,09/09/2007,
https://www.oas.org/EOMDatabase/moeInfo.aspx?Lang=En&Id=195,Guatemala,2007,Second,Diego García-Sayán,Moises Benamor,"Presidential, Legislative, Municipal",,89,"Brazil, Canada, China, El Salvador, Japan, Korea, Republic of, Norway, Peru, Spain, United States of America",10/05/2006,10/17/2006,,11/04/2007,
https://www.oas.org/EOMDatabase/moeInfo.aspx?Lang=En&Id=196,Grenada,1999,First,Joseph Edsel Edmunds,,Parliamentary,,8,,01/06/1999,01/07/1999,01/12/1999,01/18/1999,
https://www.oas.org/EOMDatabase/moeInfo.aspx?Lang=En&Id=197,Grenada,1984,First,,,Parliamentary,,2,,09/27/1984,,,12/03/1984,
https://www.oas.org/EOMDatabase/moeInfo.aspx?Lang=En&Id=198,Venezuela,2006,First,Juan Enrique Fischer,,Presidential,,80,"Brazil, Canada, Finland, Netherlands, Spain",10/03/2006,10/04/2006,11/05/2006,12/03/2006,
https://www.oas.org/EOMDatabase/moeInfo.aspx?Lang=En&Id=199,Venezuela,2005,First,Rubén Perina,César Arias,Legislative,,47,"Argentina, Brazil, Canada, Chile, Korea, Republic of, Norway",07/13/2005,07/22/2005,,12/04/2005,
https://www.oas.org/EOMDatabase/moeInfo.aspx?Lang=En&Id=200,Venezuela,2000,First,Rubén Perina,,"Presidential, Legislative, Regional, Local, Regional Parliament",,24,,03/23/2000,,,07/30/2000,
https://www.oas.org/EOMDatabase/moeInfo.aspx?Lang=En&Id=201,Venezuela,1999,First,Santiago Murray,Cristina Tomassoni,Referendum,,13,United States of America,11/24/1999,12/01/1999,12/08/1999,12/15/1999,12/18/1999
https://www.oas.org/EOMDatabase/moeInfo.aspx?Lang=En&Id=202,Venezuela,1999,First,Santiago Murray,,Constituent Assembly,,53,,06/25/1999,,07/15/1999,07/25/1999,07/28/1999
https://www.oas.org/EOMDatabase/moeInfo.aspx?Lang=En&Id=203,Dominica,2009,First,Steven Griner,Jean-Francois Ruel,Parliamentary,,16,"Brazil, Canada, United States of America",11/20/2009,11/25/2009,12/13/2009,12/18/2009,12/22/2009
https://www.oas.org/EOMDatabase/moeInfo.aspx?Lang=En&Id=204,Guyana,1997,First,Joseph Edmunds,,"Parliamentary, Regional",,20,"Canada, United Kingdom, United States of America",09/08/1997,,,12/15/1997,
https://www.oas.org/EOMDatabase/moeInfo.aspx?Lang=En&Id=205,Guyana,2001,First,Colin Granderson,Bruce Rickerson,Presidential,,34,"Canada, United States of America",05/05/2000,06/30/2000,03/01/2001,03/19/2001,04/08/2001
https://www.oas.org/EOMDatabase/moeInfo.aspx?Lang=En&Id=206,Suriname,2010,First,Irene Klinger,Steven Griner,"Parliamentary, Local",,26,"Brazil, Canada, Korea, Republic of, United States of America",01/08/2010,,,05/25/2010,
https://www.oas.org/EOMDatabase/moeInfo.aspx?Lang=En&Id=207,Guyana,2006,First,Albert Ramdin,Steven Griner,"Presidential, Regional",,123,"Brazil, Canada, Mexico, United Kingdom, United States of America",09/15/2005,12/02/2005,,08/28/2006,
https://www.oas.org/EOMDatabase/moeInfo.aspx?Lang=En&Id=208,Suriname,2005,First,Corinne Mcknight,Bruce Rickerson,"Presidential, Parliamentary",,14,"Brazil, United States of America",05/06/2004,,,05/25/2005,
https://www.oas.org/EOMDatabase/moeInfo.aspx?Lang=En&Id=209,Guyana,2011,First,Gordon Valentine Shirley,Charlotte Mcdowell,"Parliamentary, Regional",Gender,25,"Argentina, Chile, Serbia, United Kingdom, United States of America",06/23/2011,06/28/2011,11/20/2011,11/28/2011,12/02/2012
https://www.oas.org/EOMDatabase/moeInfo.aspx?Lang=En&Id=210,Suriname,2000,First,Colin Granderson,Bruce Rickerson,Presidential,,16,,,,,05/25/2000,
https://www.oas.org/EOMDatabase/moeInfo.aspx?Lang=En&Id=211,Suriname,1996,First,Edgardo Reis,,"Parliamentary, Local",,28,,02/23/1996,03/25/1996,05/09/1996,05/23/1996,
https://www.oas.org/EOMDatabase/moeInfo.aspx?Lang=En&Id=212,Suriname,1991,First,Edgardo Reis,,"Parliamentary, Local",,40,,01/31/1991,,,05/25/1991,
https://www.oas.org/EOMDatabase/moeInfo.aspx?Lang=En&Id=213,Haiti,1990,First,Pierre F Coté,,Presidential,,,,,,,12/17/1990,
https://www.oas.org/EOMDatabase/moeInfo.aspx?Lang=En&Id=213,Haiti,1990,Second,Pierre F. Coté,,Presidential,,48,,,,,01/20/1991,02/15/1991
https://www.oas.org/EOMDatabase/moeInfo.aspx?Lang=En&Id=214,Haiti,1995,First,Ron Gould,Micheline Begín,"Presidential, Legislative",,293,,01/09/1995,,02/15/1995,06/25/1995,
https://www.oas.org/EOMDatabase/moeInfo.aspx?Lang=En&Id=214,Haiti,1995,Second,Lorie Wells,Micheline Begín,"Presidential, Legislative",,174,,01/09/1995,,,09/17/1995,
https://www.oas.org/EOMDatabase/moeInfo.aspx?Lang=En&Id=215,Haiti,1995,First,Ron Gould,Lorie Wells,"Legislative, Municipal, Partial/Complementary",,112,,,,,08/13/1995,
https://www.oas.org/EOMDatabase/moeInfo.aspx?Lang=En&Id=217,Haiti,1995,First,Lorie Wells,Micheline Bégin,"Legislative, Municipal, Partial/Complementary",,20,,,,,10/08/1995,
https://www.oas.org/EOMDatabase/moeInfo.aspx?Lang=En&Id=218,Haiti,1995,First,Lorie Wells,Micheline Bégin,"Legislative, Municipal, Partial/Complementary",,20,,,,,10/15/1995,
https://www.oas.org/EOMDatabase/moeInfo.aspx?Lang=En&Id=219,Haiti,1997,First,,,Local,,,,,,,07/06/1997,
https://www.oas.org/EOMDatabase/moeInfo.aspx?Lang=En&Id=219,Haiti,1997,Second,,,Local,,,,,,,07/13/1997,
https://www.oas.org/EOMDatabase/moeInfo.aspx?Lang=En&Id=220,Haiti,2000,First,Orlando Marville,,"Legislative, Municipal",,200,"Argentina, Canada, Chile, France, Japan, United States of America",02/12/2000,,,05/21/2000,07/14/2000
https://www.oas.org/EOMDatabase/moeInfo.aspx?Lang=En&Id=221,Haiti,2010,First,Colin Granderson,Bertha Santoscoy,"Presidential, Legislative",,118,"Argentina, Brazil, Canada, Chile, China, Finland, France, Luxembourg, Norway, Panama, Peru, Portugal, Slovenia, Spain, Suriname, Switzerland, United States of America",10/28/2009,11/09/2009,,11/28/2010,
https://www.oas.org/EOMDatabase/moeInfo.aspx?Lang=En&Id=221,Haiti,2010,Second,Colin Granderson,Bertha Santoscoy,"Presidential, Legislative",,201,"Argentina, Brazil, Canada, Chile, China, Finland, France, Luxembourg, Norway, Panama, Peru, Portugal, Slovenia, Spain, Suriname, Switzerland, United States of America",10/28/2009,11/09/2009,08/03/2010,03/20/2011,05/18/2011
https://www.oas.org/EOMDatabase/moeInfo.aspx?Lang=En&Id=222,Colombia,2011,First,Beatriz Paredes Rangel,Charlotte Mcdowell,Local,Gender,59,"Italy, Netherlands, Norway, Sweden, Switzerland, United States of America",08/08/2011,08/11/2011,10/15/2011,10/30/2011,11/15/2011
https://www.oas.org/EOMDatabase/moeInfo.aspx?Lang=En&Id=223,Colombia,2010,First,Enrique Correa,Rebeca Omaña,Presidential,,85,"Canada, Korea, Republic of, Netherlands, Spain, Sweden, United States of America",07/27/2009,08/27/2009,,05/30/2010,
https://www.oas.org/EOMDatabase/moeInfo.aspx?Lang=En&Id=223,Colombia,2010,Second,Enrique Correa,Rebeca Omaña,Presidential,,78,"Canada, Korea, Republic of, Netherlands, Spain, Sweden, United States of America",07/27/2009,08/27/2009,06/14/2010,06/20/2010,06/25/2010
https://www.oas.org/EOMDatabase/moeInfo.aspx?Lang=En&Id=224,Colombia,2010,First,Enrique Correa,Rebeca Omaña,Legislative,,71,"Canada, Korea, Republic of, Spain, Sweden, United States of America",07/27/2009,08/27/2009,02/15/2010,03/14/2010,03/21/2010
https://www.oas.org/EOMDatabase/moeInfo.aspx?Lang=En&Id=225,Colombia,2007,First,Dante Caputo,Steven Griner,Local,,125,"Argentina, Brazil, Canada, Japan, Netherlands, Norway, Spain, Sweden, Switzerland, United States of America",05/09/2007,06/11/2007,10/02/2007,10/28/2007,11/15/2007
https://www.oas.org/EOMDatabase/moeInfo.aspx?Lang=En&Id=226,Colombia,2006,First,Santiago Murray,Judith Lobos,Presidential,,35,"Brazil, Canada, United States of America",01/17/2006,02/05/2006,,05/28/2006,
https://www.oas.org/EOMDatabase/moeInfo.aspx?Lang=En&Id=227,Colombia,2002,First,Santiago Murray,,Presidential,,50,,02/20/2002,03/10/2002,,05/26/2002,
https://www.oas.org/EOMDatabase/moeInfo.aspx?Lang=En&Id=228,Colombia,1997,First,Santiago Murray,,Local,,,"United Kingdom, United States of America",09/11/1997,,,10/26/1997,
https://www.oas.org/EOMDatabase/moeInfo.aspx?Lang=En&Id=229,Colombia,1994,First,Rubén M. Perina,,Second round Presidential,,6,,,,,06/19/1994,
https://www.oas.org/EOMDatabase/moeInfo.aspx?Lang=En&Id=230,Honduras,1963,First,Victor Goytia,Henry Wells,Presidential,,3,,07/15/1963,,,10/13/1963,
https://www.oas.org/EOMDatabase/moeInfo.aspx?Lang=En&Id=231,Honduras,1993,First,Mario González Vargas,,Presidential,,,"Canada, Germany, Sweden",06/21/1993,,,11/28/1993,
https://www.oas.org/EOMDatabase/moeInfo.aspx?Lang=En&Id=232,Honduras,1989,First,,,Presidential,,,,,,,11/26/1989,
https://www.oas.org/EOMDatabase/moeInfo.aspx?Lang=En&Id=233,Honduras,1997,First,,,Presidential,,,,,,,11/30/1997,
https://www.oas.org/EOMDatabase/moeInfo.aspx?Lang=En&Id=234,Honduras,2001,First,Elizabeth Spehar,Diego Paz Bustamante,"Presidential, Legislative, Municipal, Regional Parliament",,118,"Sweden, United States of America",08/28/2001,,,11/25/2001,
https://www.oas.org/EOMDatabase/moeInfo.aspx?Lang=En&Id=235,Honduras,2005,First,Moises Benamor,,Primary,,78,"Brazil, Mexico, Sweden, United States of America",10/25/2004,01/10/2005,02/02/2005,02/20/2005,02/26/2005
https://www.oas.org/EOMDatabase/moeInfo.aspx?Lang=En&Id=236,Honduras,2005,First,Moisés Benamor,,"Presidential, Legislative, Municipal",,113,"Brazil, Canada, Denmark, Korea, Republic of, Sweden, United States of America",10/25/2004,01/10/2005,11/20/2005,11/27/2005,
https://www.oas.org/EOMDatabase/moeInfo.aspx?Lang=En&Id=237,Honduras,2008,First,Raul Alconada,Yndira Marin,Primary,,56,,09/22/2008,09/24/2008,,11/30/2008,
https://www.oas.org/EOMDatabase/moeInfo.aspx?Lang=En&Id=239,Honduras,2012,First,Enrique Correa,Marcela Garzon Navarrete,Primary,Political-Electoral Financing,35,"Bolivia, Canada, Chile, France, Norway, Switzerland, United States of America",04/30/2012,05/02/2012,,11/18/2012,
https://www.oas.org/EOMDatabase/moeInfo.aspx?Lang=En&Id=240,Honduras,2013,First,Enrique Correa,Marcela Garzon Navarrete,"Presidential, Legislative, Municipal, Local, Regional Parliament","Gender, Political-Electoral Financing",82,"Canada, Chile, Israel, Japan, Mexico, Spain, Switzerland, United Kingdom, United States of America",09/01/2013,,,11/24/2013,
https://www.oas.org/EOMDatabase/moeInfo.aspx?Lang=En&Id=241,Jamaica,2007,First,Albert Ramdin,Na,Parliamentary,,38,"Canada, China, United States of America",07/24/2007,08/15/2007,,09/03/2007,
https://www.oas.org/EOMDatabase/moeInfo.aspx?Lang=En&Id=242,Jamaica,2011,First,Lisa Marie Shoman,Rosa Patricia Serpa Moncada,Parliamentary,Political-Electoral Financing,24,"Bolivia, Canada, Chile, United States of America",10/24/2011,11/11/2011,,12/29/2011,
https://www.oas.org/EOMDatabase/moeInfo.aspx?Lang=En&Id=243,Mexico,2009,First,Dante Caputo,Betilde Munoz,"Local, Federal Elections",,151,"Canada, Finland, Spain, United States of America",07/05/2009,,07/05/2009,07/05/2009,
https://www.oas.org/EOMDatabase/moeInfo.aspx?Lang=En&Id=244,Mexico,2012,First,César Gaviria Trujillo,Betilde Munoz,"Presidential, Legislative, Regional, Municipal, Local","Gender, Political-Electoral Financing",101,"Bolivia, Canada, Peru, Spain, Switzerland, United States of America",08/24/2011,,,07/01/2012,
https://www.oas.org/EOMDatabase/moeInfo.aspx?Lang=En&Id=245,Colombia,2009,First,Steven Griner,Na,Local,,10,Canada,06/25/2009,06/29/2009,07/02/2009,07/05/2009,
https://www.oas.org/EOMDatabase/moeInfo.aspx?Lang=En&Id=246,Panama,2014,First,Lourdes Celmira Flores Nano,Maria Mellenkamp,"Presidential, Legislative","Gender, Media, Political-Electoral Financing",56,"Bolivia, Chile, France, Korea, Republic of, Peru, United States of America",04/30/2013,05/07/2013,04/23/2014,05/04/2014,05/10/2014
https://www.oas.org/EOMDatabase/moeInfo.aspx?Lang=En&Id=247,Nicaragua,1963,First,Víctor Nuñez Leal,,Presidential,,,,,,,02/03/1963,
https://www.oas.org/EOMDatabase/moeInfo.aspx?Lang=En&Id=248,Nicaragua,1972,First,,,National Assembly,,,,,,,02/06/1972,
https://www.oas.org/EOMDatabase/moeInfo.aspx?Lang=En&Id=249,Nicaragua,1990,First,Mario González Vargas,,Presidential,,433,,03/03/1989,03/10/1989,10/01/1989,02/25/1990,04/25/1990
https://www.oas.org/EOMDatabase/moeInfo.aspx?Lang=En&Id=250,Nicaragua,1994,First,Gonzáles Vargas. Mario,,Regional,,13,,,,,02/27/1994,
https://www.oas.org/EOMDatabase/moeInfo.aspx?Lang=En&Id=251,Nicaragua,1996,First,Oscar Santamaría,,Presidential,,97,,,,,10/20/1996,
https://www.oas.org/EOMDatabase/moeInfo.aspx?Lang=En&Id=252,Nicaragua,1998,First,Héctor Vanolli,,Regional,,17,,01/22/1998,02/05/1998,,03/01/1998,
https://www.oas.org/EOMDatabase/moeInfo.aspx?Lang=En&Id=253,Nicaragua,2000,First,Santiago Murray,,Municipal,,35,,05/09/2000,05/22/2000,,11/05/2000,
https://www.oas.org/EOMDatabase/moeInfo.aspx?Lang=En&Id=254,Nicaragua,2001,First,Santiago Murray,,"Presidential, Legislative, Regional Parliament",,78,"Denmark, Finland, Japan, Norway, Sweden, Switzerland, United Kingdom, United States of America",04/17/2001,05/08/2001,,11/04/2001,
https://www.oas.org/EOMDatabase/moeInfo.aspx?Lang=En&Id=255,Panama,2009,First,Jose Octavio Bordon,Maria Mellenkamp,"Presidential, Legislative, Local, Regional Parliament",,54,"Brazil, Canada, United States of America",12/16/2008,01/05/2009,,05/03/2009,
https://www.oas.org/EOMDatabase/moeInfo.aspx?Lang=En&Id=256,Peru,2011,First,Dante Caputo,Maria Mellenkamp,"Presidential, Legislative, Regional Parliament",Gender,74,"Canada, United States of America",12/13/2010,12/20/2010,04/03/2011,04/10/2011,06/07/2011
https://www.oas.org/EOMDatabase/moeInfo.aspx?Lang=En&Id=256,Peru,2011,Second,Dante Caputo,Maria Mellenkamp,Presidential,,70,,12/13/2010,12/20/2010,01/06/2011,05/06/2011,09/06/2011
https://www.oas.org/EOMDatabase/moeInfo.aspx?Lang=En&Id=257,Nicaragua,2002,First,Santiago Murray,Moisés Benamor,Regional,,19,,12/07/2001,01/29/2002,02/10/2002,03/03/2002,
https://www.oas.org/EOMDatabase/moeInfo.aspx?Lang=En&Id=258,Costa Rica,2014,First,Josefina Vázquez Mota,Sara Mia Noguera Guevara,"Presidential, Legislative","Gender, Media, Political-Electoral Financing",22,"Bolivia, Chile, France, Israel, Luxembourg, United States of America",04/05/2013,04/29/2013,01/09/2014,02/02/2014,02/04/2014
https://www.oas.org/EOMDatabase/moeInfo.aspx?Lang=En&Id=258,Costa Rica,2014,Second,Josefina Vázquez Mota,Sara Mia Noguera Guevara,Presidential,,6,"Bolivia, Chile, France, Israel, Luxembourg, United States of America",04/05/2013,04/29/2013,,04/06/2014,
https://www.oas.org/EOMDatabase/moeInfo.aspx?Lang=En&Id=259,Nicaragua,2004,First,Santiago Murray,,Municipal,,57,"Brazil, Sweden, United Kingdom, United States of America",09/23/2004,,10/28/2004,11/07/2004,
https://www.oas.org/EOMDatabase/moeInfo.aspx?Lang=En&Id=260,Costa Rica,2010,First,Maria Emma Mejia Velez,Charlotte Mcdowell,Municipal,,35,"Canada, Korea, Republic of, United States of America",09/24/2010,10/07/2010,11/20/2010,12/05/2010,12/10/2010
https://www.oas.org/EOMDatabase/moeInfo.aspx?Lang=En&Id=261,Nicaragua,2006,First,Gustavo Fernandez Saavedra,Raul Alconada,Regional,,26,,,,,03/05/2006,
https://www.oas.org/EOMDatabase/moeInfo.aspx?Lang=En&Id=262,Nicaragua,2006,First,Gustavo Fernandez Saavedra,Raul Alconada,"Presidential, Legislative",,185,,10/09/2005,,02/13/2006,11/05/2006,
https://www.oas.org/EOMDatabase/moeInfo.aspx?Lang=En&Id=263,Nicaragua,2011,First,Dante Caputo,Rebeca Omaña,"Presidential, Legislative, Regional Parliament",,65,"Argentina, Bolivia, Serbia, Spain, Switzerland, United States of America",09/09/2011,09/09/2011,,11/06/2011,
https://www.oas.org/EOMDatabase/moeInfo.aspx?Lang=En&Id=264,Costa Rica,2010,First,Maria Emma Mejia Velez,Maria Mellenkamp,"Presidential, Legislative, Municipal",,52,"Canada, China, Korea, Republic of, United States of America",10/26/2009,11/02/2009,,02/07/2010,
https://www.oas.org/EOMDatabase/moeInfo.aspx?Lang=En&Id=265,Costa Rica,2007,First,Paul Durand,Betilde Munoz,Referendum,,85,"Canada, Korea, Republic of, United States of America",07/05/2007,07/19/2007,,10/07/2007,
https://www.oas.org/EOMDatabase/moeInfo.aspx?Lang=En&Id=266,Nicaragua,2012,First,Lazaro Cardenas,Raul Alconada,Municipal,Gender,26,"Canada, Chile, France",08/21/2012,08/21/2012,10/27/2012,11/04/2012,11/07/2012
https://www.oas.org/EOMDatabase/moeInfo.aspx?Lang=En&Id=267,Costa Rica,1982,First,,,"Presidential, Municipal",,3,,01/20/1982,,,02/07/1982,
https://www.oas.org/EOMDatabase/moeInfo.aspx?Lang=En&Id=268,Costa Rica,1978,First,Arturo Illia,,"Presidential, Legislative, Municipal",,3,,01/20/1978,,,02/05/1978,
https://www.oas.org/EOMDatabase/moeInfo.aspx?Lang=En&Id=269,Costa Rica,1966,First,,,"Presidential, Legislative, Municipal",,3,,01/06/1966,,,06/02/1966,
https://www.oas.org/EOMDatabase/moeInfo.aspx?Lang=En&Id=270,Belize,2012,First,Frank Almaguer,Tyler Finn,"Parliamentary, Municipal",,22,"Bolivia, Chile, Mexico, Switzerland, United Kingdom, United States of America",02/07/2012,02/10/2012,03/01/2012,03/07/2012,03/11/2012
https://www.oas.org/EOMDatabase/moeInfo.aspx?Lang=En&Id=271,El Salvador,2012,First,Lourdes Celmira Flores Nano,Betilde Munoz,"Legislative, Municipal",Gender,33,"Canada, Chile, United States of America",07/07/2011,09/16/2011,03/05/2012,03/11/2012,03/15/2012
https://www.oas.org/EOMDatabase/moeInfo.aspx?Lang=En&Id=272,El Salvador,2009,First,Gustavo Fernandez Saavedra,Betilde Munoz,Presidential,,100,"Brazil, Canada, Denmark, Spain, United States of America",09/16/2008,09/19/2008,,03/15/2009,
https://www.oas.org/EOMDatabase/moeInfo.aspx?Lang=En&Id=273,El Salvador,2009,First,Gustavo Fernandez Saavedra,Betilde Munoz,"Legislative, Municipal, Regional Parliament",,80,"Brazil, Canada, Denmark, Spain, United States of America",09/16/2008,09/19/2008,,01/18/2009,
https://www.oas.org/EOMDatabase/moeInfo.aspx?Lang=En&Id=274,El Salvador,2006,First,Moises Benamor,Manuel Terradez,"Legislative, Municipal, Regional Parliament",,46,"Brazil, Canada, United States of America",12/09/2005,12/20/2005,,03/12/2006,
https://www.oas.org/EOMDatabase/moeInfo.aspx?Lang=En&Id=275,El Salvador,2004,First,Diego Paz Bustamante,Roberto Montenegro,Presidential,,46,,,02/21/2004,03/17/2004,03/21/2004,
https://www.oas.org/EOMDatabase/moeInfo.aspx?Lang=En&Id=276,El Salvador,1997,First,Santiago Murray,,"Legislative, Municipal",,,,,,,03/16/1997,
https://www.oas.org/EOMDatabase/moeInfo.aspx?Lang=En&Id=277,El Salvador,1991,First,Mario González Vargas,,Legislative,,85,,09/13/1990,10/01/1990,,03/10/1991,
https://www.oas.org/EOMDatabase/moeInfo.aspx?Lang=En&Id=278,El Salvador,1985,First,,,"Legislative, Municipal",,,,,,,03/31/1985,
https://www.oas.org/EOMDatabase/moeInfo.aspx?Lang=En&Id=279,El Salvador,1984,First,,,Presidential,,2,,02/14/1984,,,03/25/1984,
https://www.oas.org/EOMDatabase/moeInfo.aspx?Lang=En&Id=280,El Salvador,1982,First,,,Constituent Assembly,,3,,02/08/1982,,,03/28/1982,
https://www.oas.org/EOMDatabase/moeInfo.aspx?Lang=En&Id=281,Dominican Republic,2010,First,Adam Blackwell,Charlotte Mcdowell,"Legislative, Municipal, Regional Parliament",,54,"Brazil, Canada, Spain, United States of America",02/12/2010,02/24/2010,,05/16/2010,
https://www.oas.org/EOMDatabase/moeInfo.aspx?Lang=En&Id=282,Dominican Republic,2008,First,Jose Octavio Bordon,Steven Griner,Presidential,,55,"Brazil, Canada, United States of America",02/01/2008,02/01/2008,04/18/2008,05/16/2008,05/23/2008
https://www.oas.org/EOMDatabase/moeInfo.aspx?Lang=En&Id=283,Dominican Republic,2006,First,Rubén M. Perina,Katalina Montaña,"Legislative, Municipal",,70,"Brazil, Canada, United States of America",02/20/2006,,,05/16/2006,
https://www.oas.org/EOMDatabase/moeInfo.aspx?Lang=En&Id=284,Dominican Republic,2004,First,Santiago Murray,,Presidential,,165,,01/22/2004,02/27/2004,,05/16/2004,
https://www.oas.org/EOMDatabase/moeInfo.aspx?Lang=En&Id=285,Dominican Republic,2002,First,Diego Paz Bustamante,,"Legislative, Municipal",,24,,,,,05/16/2002,
https://www.oas.org/EOMDatabase/moeInfo.aspx?Lang=En&Id=286,Dominican Republic,2000,First,Santiago Murray,,Presidential,,34,,,,,05/16/2000,
https://www.oas.org/EOMDatabase/moeInfo.aspx?Lang=En&Id=287,Dominican Republic,1998,First,Santiago Murray,,"Legislative, Municipal",,10,"Canada, United States of America",03/16/1998,03/27/1998,,05/16/1998,
https://www.oas.org/EOMDatabase/moeInfo.aspx?Lang=En&Id=288,Dominican Republic,1996,First,Santiago Murray,,Presidential,,,,,,,05/16/1996,
https://www.oas.org/EOMDatabase/moeInfo.aspx?Lang=En&Id=288,Dominican Republic,1996,Second,Santiago Murray,,Presidential,,,,,,,06/30/1996,
https://www.oas.org/EOMDatabase/moeInfo.aspx?Lang=En&Id=289,Dominican Republic,1994,First,John Graham,Steven Griner,Presidential,,25,,,,,05/16/1994,
https://www.oas.org/EOMDatabase/moeInfo.aspx?Lang=En&Id=290,Dominican Republic,1990,First,Edgardo Reis,,"Presidential, Legislative, Municipal",,,,,,,05/16/1990,
https://www.oas.org/EOMDatabase/moeInfo.aspx?Lang=En&Id=291,Dominican Republic,1978,First,Missael Pastrana,,"Presidential, Legislative, Municipal",,3,,04/24/1978,,,05/16/1978,
https://www.oas.org/EOMDatabase/moeInfo.aspx?Lang=En&Id=292,Dominican Republic,1970,First,,,"Presidential, Legislative, Municipal",,,,,,,05/16/1970,
https://www.oas.org/EOMDatabase/moeInfo.aspx?Lang=En&Id=293,Dominican Republic,1966,First,,,"Presidential, Legislative, Municipal",,3,,04/28/1966,,,06/01/1966,
https://www.oas.org/EOMDatabase/moeInfo.aspx?Lang=En&Id=294,Dominican Republic,1962,First,,,"Presidential, Legislative, Municipal",,3,,,,,12/20/1962,
https://www.oas.org/EOMDatabase/moeInfo.aspx?Lang=En&Id=295,Ecuador,2013,First,Rafael Francisco Alburquerque,Maria Mellenkamp,"Presidential, Legislative","Gender, Media, Political-Electoral Financing",68,"Bolivia, Canada, Chile, France, Peru, Spain, United States of America",11/30/2012,12/04/2012,,02/17/2013,
https://www.oas.org/EOMDatabase/moeInfo.aspx?Lang=En&Id=296,Ecuador,2011,First,Enrique Correa,Charlotte Mcdowell,Referendum,,18,"Canada, Chile",03/24/2011,03/29/2011,04/26/2011,05/07/2011,05/12/2011
https://www.oas.org/EOMDatabase/moeInfo.aspx?Lang=En&Id=297,Ecuador,2009,First,Enrique Correa,Moises Benamor,"Local, Regional Parliament",,19,,01/30/2009,02/06/2009,,06/14/2009,
https://www.oas.org/EOMDatabase/moeInfo.aspx?Lang=En&Id=298,Ecuador,2009,First,Enrique Correa,Moises Benamor,"Presidential, Legislative, Municipal, Local, Prefects",,86,"Canada, Spain, United States of America",01/30/2009,02/06/2009,,04/26/2009,
https://www.oas.org/EOMDatabase/moeInfo.aspx?Lang=En&Id=299,Panama,1978,First,Fernando Belaunde,,National Assembly,,3,,05/16/1978,,,08/06/1978,
https://www.oas.org/EOMDatabase/moeInfo.aspx?Lang=En&Id=300,Panama,1991,First,,,Partial/Complementary,,,,,,,01/27/1991,
https://www.oas.org/EOMDatabase/moeInfo.aspx?Lang=En&Id=301,Panama,1992,First,Christipher R. Thomas,,Referendum,,,,,,,11/15/1992,
https://www.oas.org/EOMDatabase/moeInfo.aspx?Lang=En&Id=302,Panama,1994,First,Mario González Vargas,,"Presidential, Legislative, Municipal",,,,01/11/1994,,,05/08/1994,
https://www.oas.org/EOMDatabase/moeInfo.aspx?Lang=En&Id=303,Panama,1998,First,Santiago Murray,,Referendum,,15,United States of America,06/05/1998,,,08/30/1998,
https://www.oas.org/EOMDatabase/moeInfo.aspx?Lang=En&Id=304,Panama,1999,First,Santiago Murray,Cristina Tomassoni,"Presidential, Legislative, Municipal, Regional Parliament",,35,United States of America,09/16/1998,10/16/1998,,05/02/1999,
https://www.oas.org/EOMDatabase/moeInfo.aspx?Lang=En&Id=305,Panama,2004,First,Moises Benamor,,"Presidential, Legislative, Municipal, Regional Parliament",,30,United States of America,02/13/2004,04/10/2004,04/21/2004,05/02/2004,
https://www.oas.org/EOMDatabase/moeInfo.aspx?Lang=En&Id=306,Ecuador,2008,First,Enrique Correa,Moisés Benamor,Referendum,,68,"Brazil, Canada, Chile, Peru, Spain, United States of America",07/16/2008,08/11/2008,,09/28/2008,
https://www.oas.org/EOMDatabase/moeInfo.aspx?Lang=En&Id=307,Panama,2006,First,Albert Ramdin,,Referendum,,50,"China, Korea, Republic of, United States of America, Venezuela",07/24/2006,,,10/22/2006,
https://www.oas.org/EOMDatabase/moeInfo.aspx?Lang=En&Id=308,Ecuador,2007,First,Enrique Correa,Moises Benamor,Constituent Assembly,,66,,04/23/2007,06/14/2007,,09/30/2007,
https://www.oas.org/EOMDatabase/moeInfo.aspx?Lang=En&Id=310,Ecuador,2007,First,Enrique Correa,Moises Benamor,Popular Consultation,,34,,02/16/2007,03/13/2007,,04/15/2007,
https://www.oas.org/EOMDatabase/moeInfo.aspx?Lang=En&Id=311,Ecuador,2006,First,Rafael Bielsa,Moises Benamor,"Presidential, Legislative, Regional Parliament",,131,"Brazil, Canada, Japan, Korea, Republic of, Switzerland, United States of America",06/09/2006,07/14/2006,,10/15/2006,
https://www.oas.org/EOMDatabase/moeInfo.aspx?Lang=En&Id=311,Ecuador,2006,Second,Jose Antonio Viera-Gallo,Moises Benamor,Presidential,,83,"Brazil, Canada, Japan, Korea, Republic of, Switzerland, United States of America",06/09/2006,07/14/2006,,11/26/2006,
https://www.oas.org/EOMDatabase/moeInfo.aspx?Lang=En&Id=312,Ecuador,2002,First,Edgardo C. Reis,,"Presidential, Legislative, Municipal, Local, Regional Parliament",,63,,03/14/2002,06/13/2002,,10/20/2002,
https://www.oas.org/EOMDatabase/moeInfo.aspx?Lang=En&Id=312,Ecuador,2002,Second,,,Presidential,,50,,03/14/2002,06/13/2002,,11/24/2002,
https://www.oas.org/EOMDatabase/moeInfo.aspx?Lang=En&Id=313,Ecuador,1998,First,Edgardo Reis,,"Presidential, Legislative, Municipal",,20,,02/13/1998,,,05/31/1998,
https://www.oas.org/EOMDatabase/moeInfo.aspx?Lang=En&Id=313,Ecuador,1998,Second,,,"Presidential, Legislative, Municipal",,,,02/13/1998,,,02/13/1998,
https://www.oas.org/EOMDatabase/moeInfo.aspx?Lang=En&Id=314,Ecuador,1996,First,Diego Paz Bustamante,,"Presidential, Legislative",,11,,01/26/1996,,05/12/1996,05/19/1996,
https://www.oas.org/EOMDatabase/moeInfo.aspx?Lang=En&Id=314,Ecuador,1996,Second,Diego Paz Bustamante,,Presidential,,48,,01/26/1996,,06/26/1996,07/07/1996,
https://www.oas.org/EOMDatabase/moeInfo.aspx?Lang=En&Id=315,Ecuador,1968,First,,,"Presidential, Legislative",,3,,,,,06/02/1968,
https://www.oas.org/EOMDatabase/moeInfo.aspx?Lang=En&Id=316,Ecuador,2004,First,Edgardo Reis,Moises Benamor,"Municipal, Local",,58,,07/09/2004,,,10/17/2004,
https://www.oas.org/EOMDatabase/moeInfo.aspx?Lang=En&Id=317,Paraguay,1991,First,Marcondes Gadelha,,Municipal,,47,,12/14/1990,,,05/26/1991,
https://www.oas.org/EOMDatabase/moeInfo.aspx?Lang=En&Id=318,Paraguay,1991,First,Marcondes Gadelha,,Partial/Complementary,,,,12/14/1990,,,06/23/1991,
https://www.oas.org/EOMDatabase/moeInfo.aspx?Lang=En&Id=319,Paraguay,1991,First,,Ruben Perina,Constituent Assembly,,33,,10/04/1991,11/08/1991,,12/01/1991,
https://www.oas.org/EOMDatabase/moeInfo.aspx?Lang=En&Id=320,Paraguay,1993,First,,Rubén Perina,"Presidential, Legislative",,90,,,,,04/09/1993,
https://www.oas.org/EOMDatabase/moeInfo.aspx?Lang=En&Id=322,Paraguay,1998,First,José Luis Chea Urruela,,"Presidential, Legislative",,60,,09/10/1997,10/31/1997,,05/10/1998,
https://www.oas.org/EOMDatabase/moeInfo.aspx?Lang=En&Id=323,Belize,1997,First,Steven Griner,,Registration of voters,,,,,,,08/09/1997,
https://www.oas.org/EOMDatabase/moeInfo.aspx?Lang=En&Id=324,Saint Lucia,2011,First,Rosina Elizabeth Wiltshire,Betilde Munoz,Parliamentary,,14,"Bolivia, Chile, United Kingdom, United States of America",08/29/2011,09/02/2011,11/20/2011,11/28/2011,12/31/2011
https://www.oas.org/EOMDatabase/moeInfo.aspx?Lang=En&Id=325,Saint Lucia,2006,First,Christopher Thomas,,Parliamentary,,14,"Canada, United Kingdom, United States of America",09/25/2006,10/11/2006,,12/11/2006,
https://www.oas.org/EOMDatabase/moeInfo.aspx?Lang=En&Id=326,Antigua and Barbuda,2014,First,Rosina Elizabeth Wiltshire,David Alvarez Veloso,Parliamentary,"Gender, Political-Electoral Financing",16,"Argentina, Bolivia, Chile, France, Korea, Republic of, Serbia, Spain, Turkey, United Kingdom",02/21/2014,02/25/2014,06/05/2014,06/12/2014,06/14/2014
https://www.oas.org/EOMDatabase/moeInfo.aspx?Lang=En&Id=327,Paraguay,2000,First,José Luis Chea,Diego Paz Bustamente,Vicepresidential,,65,"Argentina, Canada, Chile, United States of America",,04/27/2000,08/01/2000,08/13/2000,
https://www.oas.org/EOMDatabase/moeInfo.aspx?Lang=En&Id=328,Paraguay,2003,First,Luigi R. Einaudi,,Presidential,,14,,,,,05/27/2003,
https://www.oas.org/EOMDatabase/moeInfo.aspx?Lang=En&Id=329,Paraguay,2007,First,Pablo Gutierrez,Katalina Montaña,Primary,,17,"Canada, United States of America",11/14/2007,11/16/2007,,12/16/2007,
https://www.oas.org/EOMDatabase/moeInfo.aspx?Lang=En&Id=330,Antigua and Barbuda,2009,First,Dame Billie Miller,Steven Griner,Parliamentary,,22,"Brazil, Canada, United Kingdom, United States of America",01/09/2009,01/23/2009,,03/12/2009,
https://www.oas.org/EOMDatabase/moeInfo.aspx?Lang=En&Id=331,Paraguay,2008,First,María Emma Mejía,Steven Griner,"Presidential, Legislative, Municipal, Local, Regional Parliament",,45,"Brazil, Canada, Korea, Republic of, United States of America",11/14/2007,12/27/2007,,04/20/2008,
https://www.oas.org/EOMDatabase/moeInfo.aspx?Lang=En&Id=333,Saint Kitts and Nevis,2015,First,Frank Almaguer,Marcela Garzon Navarrete,Parliamentary,"Gender, Political-Electoral Financing",11,"Argentina, Bolivia, France, United Kingdom, United States of America",02/01/2015,,02/09/2015,02/16/2015,02/18/2015
https://www.oas.org/EOMDatabase/moeInfo.aspx?Lang=En&Id=334,Paraguay,2010,First,Enrique Ayala Mora,David Alvarez Veloso,Municipal,Gender,55,"Canada, United States of America",09/20/2010,10/04/2010,10/26/2010,11/07/2010,11/12/2010
https://www.oas.org/EOMDatabase/moeInfo.aspx?Lang=En&Id=335,Saint Kitts and Nevis,2011,First,Paul Spencer,Charlotte Mcdowell,Regional,,5,Canada,06/23/2011,06/29/2011,07/06/2011,07/11/2011,
https://www.oas.org/EOMDatabase/moeInfo.aspx?Lang=En&Id=336,Paraguay,2011,First,Noemi Sanin Posada,Bertha Santoscoy,Referendum,,13,"Bolivia, Norway, Spain, Suriname, Switzerland",08/05/2011,08/11/2011,,10/09/2011,
https://www.oas.org/EOMDatabase/moeInfo.aspx?Lang=En&Id=337,Saint Kitts and Nevis,2010,First,Steven Griner,Melissa Sanchez,Parliamentary,,14,"Canada, United Kingdom, United States of America",08/13/2009,10/14/2009,,01/25/2010,
https://www.oas.org/EOMDatabase/moeInfo.aspx?Lang=En&Id=338,Guatemala,1984,First,,,"Legislative, Constituent Assembly",,2,,02/15/1984,,,07/01/1984,
https://www.oas.org/EOMDatabase/moeInfo.aspx?Lang=En&Id=339,Peru,1992,First,Mario González Vargas,,Constituent Assembly,,29,,,,,11/22/1992,
https://www.oas.org/EOMDatabase/moeInfo.aspx?Lang=En&Id=340,Peru,1993,First,Mario González Vargas,,Municipal,,70,,12/30/1992,,,01/29/1993,
https://www.oas.org/EOMDatabase/moeInfo.aspx?Lang=En&Id=341,Peru,1993,First,Mario González Vargas,,Referendum,,30,,09/07/1993,10/07/1993,,11/30/1993,
https://www.oas.org/EOMDatabase/moeInfo.aspx?Lang=En&Id=342,Peru,1995,First,,,"Presidential, Legislative",,70,,11/18/1994,,,04/09/1995,
https://www.oas.org/EOMDatabase/moeInfo.aspx?Lang=En&Id=343,Peru,1998,First,Santiago Murray,,Municipal,,30,"Canada, United States of America",05/15/1998,,,10/11/1998,
https://www.oas.org/EOMDatabase/moeInfo.aspx?Lang=En&Id=344,Peru,2000,First,Eduardo Stein,,"Presidential, Legislative",,100,,,,,04/09/2000,
https://www.oas.org/EOMDatabase/moeInfo.aspx?Lang=En&Id=345,Peru,2001,First,Eduardo Stein,Diego Paz,Presidential,,125,"Argentina, Brazil, Canada, Japan, Norway, Sweden, United Kingdom, United States of America",12/07/2000,,02/20/2001,04/08/2001,
https://www.oas.org/EOMDatabase/moeInfo.aspx?Lang=En&Id=345,Peru,2001,Second,Eduardo Stein,Diego Paz,Presidential,,110,"Argentina, Brazil, Canada, Japan, Norway, Sweden, United Kingdom, United States of America",12/07/2000,,,06/03/2001,
https://www.oas.org/EOMDatabase/moeInfo.aspx?Lang=En&Id=346,Peru,2002,First,Diego Paz Bustamante,,"Regional, Municipal",,57,,,,,11/17/2002,
https://www.oas.org/EOMDatabase/moeInfo.aspx?Lang=En&Id=347,Peru,2006,First,Lloyd Axworthy,Moises Benamor,"Presidential, Legislative",,108,"Brazil, Canada, Japan, Korea, Republic of, Norway, United States of America",,,,04/09/2006,
https://www.oas.org/EOMDatabase/moeInfo.aspx?Lang=En&Id=347,Peru,2006,Second,,,Presidential,,121,"Brazil, Canada, Japan, Korea, Republic of, Norway, United States of America",,,,06/04/2006,
https://www.oas.org/EOMDatabase/moeInfo.aspx?Lang=En&Id=348,Peru,2006,First,Moises Benamor,Betilde Munoz,"Regional, Municipal",,28,,,,,11/19/2006,
https://www.oas.org/EOMDatabase/moeInfo.aspx?Lang=En&Id=350,Peru,2010,First,Miguel Abdón Saguier,Maria Mellenkamp,"Regional, Municipal, Referendum",,70,"Canada, Korea, Republic of, United States of America",08/10/2010,08/12/2010,,10/03/2010,
https://www.oas.org/EOMDatabase/moeInfo.aspx?Lang=En&Id=351,Venezuela,1992,First,Rubén M. Perina,,Municipal,,2,,,,,12/06/1992,
https://www.oas.org/EOMDatabase/moeInfo.aspx?Lang=En&Id=352,Venezuela,1993,First,,,"Presidential, Legislative",,30,,,,,12/05/1993,
https://www.oas.org/EOMDatabase/moeInfo.aspx?Lang=En&Id=353,Venezuela,1998,First,Edgardo C. Reis,,"Legislative, Regional",,13,,10/07/1998,10/21/1998,,11/08/1998,
https://www.oas.org/EOMDatabase/moeInfo.aspx?Lang=En&Id=354,Venezuela,1998,First,Edgardo C. Reis,,Presidential,,70,,07/19/1998,,,12/06/1998,
https://www.oas.org/EOMDatabase/moeInfo.aspx?Lang=En&Id=355,Costa Rica,1990,First,Edgardo Reis,,"Presidential, Legislative",,,,,,,02/04/1990,
https://www.oas.org/EOMDatabase/moeInfo.aspx?Lang=En&Id=356,Costa Rica,1970,First,,,"Presidential, Legislative",,,,,,,02/01/1970,
https://www.oas.org/EOMDatabase/moeInfo.aspx?Lang=En&Id=357,Saint Vincent and the Grenadines,2001,First,Steven Griner,,Parliamentary,,16,"United Kingdom, United States of America",02/14/2001,02/15/2001,,03/28/2001,
https://www.oas.org/EOMDatabase/moeInfo.aspx?Lang=En&Id=358,Saint Vincent and the Grenadines,2005,First,Albert Ramdin,,Parliamentary,,5,"Brazil, United States of America",10/03/2005,10/19/2005,,12/07/2005,
https://www.oas.org/EOMDatabase/moeInfo.aspx?Lang=En&Id=359,Saint Vincent and the Grenadines,2009,First,Steven Griner,Yndira Marin,Referendum,,14,,09/17/2009,09/23/2009,,11/25/2009,
https://www.oas.org/EOMDatabase/moeInfo.aspx?Lang=En&Id=360,Saint Vincent and the Grenadines,2010,First,Frank Almaguer,Steven Griner,Parliamentary,,10,"Canada, United States of America",08/03/2010,08/30/2010,,12/13/2010,
https://www.oas.org/EOMDatabase/moeInfo.aspx?Lang=En&Id=361,Bahamas,2012,First,Alfonso Quiñónez,Ana Maria Diaz,Parliamentary,Gender,12,"Argentina, Bolivia, Korea, Republic of, Serbia",04/03/2012,04/04/2012,,05/07/2012,
https://www.oas.org/EOMDatabase/moeInfo.aspx?Lang=En&Id=362,Costa Rica,2006,First,,,"Presidential, Legislative, Municipal",,3,,,,,02/05/2006,
https://www.oas.org/EOMDatabase/moeInfo.aspx?Lang=En&Id=363,El Salvador,1999,First,Edgardo Reis,,Presidential,,,,,,,03/07/1999,
https://www.oas.org/EOMDatabase/moeInfo.aspx?Lang=En&Id=364,Suriname,1987,First,,,"Parliamentary, Local",,,,,,,11/25/1987,
https://www.oas.org/EOMDatabase/moeInfo.aspx?Lang=En&Id=365,Venezuela,2004,First,Fernando Jaramillo,,Referendum,,,,,,,08/15/2004,
https://www.oas.org/EOMDatabase/moeInfo.aspx?Lang=En&Id=366,Venezuela,2003,First,Fernando Jaramillo,,Signature collection,,,,,,,02/02/2003,
https://www.oas.org/EOMDatabase/moeInfo.aspx?Lang=En&Id=368,Dominica,2014,First,Adam Blackwell,Sara Mia Noguera Guevara,Parliamentary,,6,"Argentina, France, Korea, Republic of",11/19/2014,11/20/2014,12/04/2014,12/08/2014,12/10/2014
https://www.oas.org/EOMDatabase/moeInfo.aspx?Lang=En&Id=369,Guyana,2015,First,Lisa Marie Shoman,David Alvarez Veloso,"Parliamentary, Regional",Political-Electoral Financing,22,"Canada, Chile, Italy, Spain, United Kingdom, United States of America",12/04/2014,01/14/2015,05/02/2015,05/11/2015,05/15/2015
https://www.oas.org/EOMDatabase/moeInfo.aspx?Lang=En&Id=370,El Salvador,2015,First,Gustavo Fernandez Saavedra,Cristobal Fernandez,"Legislative, Municipal, Regional Parliament","Electoral Justice, Electoral Security, Gender, Political-Electoral Financing",60,"Argentina, France, Israel, Luxembourg, Spain, United States of America",10/02/2014,10/14/2014,02/09/2015,03/01/2015,05/11/2015
https://www.oas.org/EOMDatabase/moeInfo.aspx?Lang=En&Id=371,Bolivia,2015,First,Alvaro Colom,Rosa Patricia Serpa Moncada,Local,,16,"France, United States of America",12/16/2014,12/23/2014,03/22/2015,03/29/2015,04/04/2015
https://www.oas.org/EOMDatabase/moeInfo.aspx?Lang=En&Id=373,Suriname,2015,First,Irene Klinger,Brenda Santamaria,"Parliamentary, Local","Gender, Political-Electoral Financing",24,"Canada, Chile, France, Italy, Mexico, Spain, United Kingdom, United States of America",08/19/2014,09/30/2014,05/11/2015,05/25/2015,
https://www.oas.org/EOMDatabase/moeInfo.aspx?Lang=En&Id=374,Mexico,2015,First,Laura Chinchilla,Carlos Alejandro Urizar Cabrera,Federal Elections,"Electoral Justice, Electoral Security, Gender, Indigenous peoples and afrodescendants, Political-Electoral Financing",58,"Chile, Colombia, France, Israel, Peru, Serbia, Switzerland, United States of America",01/20/2015,01/26/2015,05/28/2015,06/07/2015,06/09/2016
https://www.oas.org/EOMDatabase/moeInfo.aspx?Lang=En&Id=375,Haiti,2015,First,Jose Enrique Castillo,Cristóbal Dupouy Bunster,Legislative,Gender,27,"Argentina, Brazil, Canada, China, France, Italy, Kazakhstan, Korea, Republic of, Mexico, Spain, Switzerland, United States of America",07/01/2015,,07/01/2015,08/09/2015,08/20/2015
https://www.oas.org/EOMDatabase/moeInfo.aspx?Lang=En&Id=377,Haiti,2015,First,Celso Luiz Nunes Amorim,Cristóbal Dupouy Bunster,"Presidential, Legislative, Municipal",,123,"Argentina, Brazil, Canada, China, France, Italy, Kazakhstan, Korea, Republic of, Mexico, Peru, Spain, United States of America",10/01/2015,,10/01/2015,10/25/2015,11/07/2015
https://www.oas.org/EOMDatabase/moeInfo.aspx?Lang=En&Id=377,Haiti,2015,Second,Celso Luiz Nunes Amorim,Cristóbal Dupouy Bunster,SECOND_ROUND_POSTPONED,,122,,10/01/2015,,01/13/2016,01/24/2016,
https://www.oas.org/EOMDatabase/moeInfo.aspx?Lang=En&Id=378,Belize,2015,First,Jacinth Henry-Martin,Paul Spencer,Parliamentary,,13,"Argentina, France, Korea, Republic of, United States of America",10/01/2015,10/05/2015,10/27/2015,11/04/2015,11/30/2015
https://www.oas.org/EOMDatabase/moeInfo.aspx?Lang=En&Id=379,Guatemala,2015,First,Juan Pablo Corlazzoli,Cristobal Fernandez,"Presidential, Legislative, Local","Electoral Justice, Electoral Security, Gender, Indigenous peoples and afrodescendants, Political-Electoral Financing",77,"Argentina, Canada, Chile, Japan, Serbia, Spain, Switzerland, United States of America",03/16/2015,03/16/2015,08/10/2015,09/06/2015,09/17/2015
https://www.oas.org/EOMDatabase/moeInfo.aspx?Lang=En&Id=379,Guatemala,2015,Second,Juan Pablo Corlazzoli,Cristobal Fernandez,Second round Presidential,,70,"Argentina, Canada, Chile, France, Japan, Serbia, Spain, Switzerland, United States of America",03/16/2015,03/16/2015,10/01/2015,10/25/2015,10/31/2015
https://www.oas.org/EOMDatabase/moeInfo.aspx?Lang=En&Id=380,Colombia,2015,First,Alvaro Colom,Carlos Alejandro Urizar Cabrera,Local,,40,"Chile, France, Israel, Korea, Republic of, Mexico, Peru, Turkey, United States of America",06/01/2015,06/22/2015,10/17/2015,10/25/2015,10/28/2015
https://www.oas.org/EOMDatabase/moeInfo.aspx?Lang=En&Id=381,Paraguay,2015,First,Hugo De Zela,Sara Mia Noguera Guevara,Municipal,"Gender, Political-Electoral Financing",24,,06/15/2015,06/19/2015,11/04/2015,11/15/2015,11/17/2015
https://www.oas.org/EOMDatabase/moeInfo.aspx?Lang=En&Id=382,Saint Vincent and the Grenadines,2015,First,Jacinth Henry-Martin,Paul Spencer,Parliamentary,,13,"Argentina, Korea, Republic of, Spain, United States of America",11/13/2015,11/16/2015,12/02/2015,12/09/2015,12/15/2015
https://www.oas.org/EOMDatabase/moeInfo.aspx?Lang=En&Id=383,Jamaica,2016,First,Janet G. Bostwick,Melene Glynn,Parliamentary,"Gender, Political-Electoral Financing",23,"Argentina, Korea, Republic of, Turkey, United Kingdom, United States of America",10/28/2015,11/11/2015,02/16/2016,02/25/2016,02/29/2016
https://www.oas.org/EOMDatabase/moeInfo.aspx?Lang=En&Id=384,Costa Rica,2016,First,Edgardo Ortuño,Marcela Garzon Navarrete,Municipal,"Gender, Political-Electoral Financing",20,"Bolivia, Korea, Republic of, United States of America",07/30/2015,08/05/2015,01/26/2016,02/07/2016,02/12/2016
https://www.oas.org/EOMDatabase/moeInfo.aspx?Lang=En&Id=385,Bolivia,2016,First,Leonel Fernandez Reyna,Carlos Alejandro Urizar Cabrera,Referendum,Media,60,"Canada, France, Italy, Korea, Republic of, Luxembourg, Spain, Turkey, United States of America",11/05/2015,,02/13/2016,02/21/2016,
https://www.oas.org/EOMDatabase/moeInfo.aspx?Lang=En&Id=386,Peru,2016,First,Sergio Abreu,Brenda Santamaria,"Presidential, Legislative, Regional Parliament","Electoral Justice, Gender, Indigenous peoples and afrodescendants, Media, Political-Electoral Financing",81,"Bolivia, France, Spain, United States of America",12/30/2015,01/05/2016,03/22/2016,04/10/2016,04/14/2016
https://www.oas.org/EOMDatabase/moeInfo.aspx?Lang=En&Id=386,Peru,2016,Second,Sergio Abreu,Brenda Santamaria,Second round Presidential,,74,"Bolivia, Dominican Republic, France, Israel, Kazakhstan, Korea, Republic of, Spain, Turkey, United States of America",12/30/2015,01/05/2016,05/25/2016,06/05/2016,06/10/2016
https://www.oas.org/EOMDatabase/moeInfo.aspx?Lang=En&Id=387,Dominican Republic,2016,First,Andrés Pastrana,Gerardo Sánchez García,"Presidential, Legislative, Vicepresidential, Municipal","Electoral Justice, Gender, Political-Electoral Financing",38,"Bolivia, Israel, Luxembourg, Peru, Spain, United States of America",02/25/2016,03/07/2016,05/07/2016,05/15/2016,05/20/2016
https://www.oas.org/EOMDatabase/moeInfo.aspx?Lang=En&Id=388,Colombia,2016,First,Alvaro Colom,Cristobal Fernandez,Referendum,"Electoral Justice, Media, Political-Electoral Financing",75,"Argentina, Bolivia, Canada, Chile, China, Dominican Republic, Germany, Italy, Mexico, Netherlands, Spain, Sweden, Switzerland, United States of America",08/30/2016,08/31/2016,09/22/2016,10/02/2016,10/05/2016
https://www.oas.org/EOMDatabase/moeInfo.aspx?Lang=En&Id=389,United States of America,2016,First,Laura Chinchilla,Brenda Santamaria,"Presidential, Legislative, Vicepresidential, Municipal, Local, Federal Elections","Gender, Media, Political-Electoral Financing",41,"Bolivia, Chile, Dominican Republic, Mexico",06/30/2016,07/11/2016,10/31/2016,11/08/2016,11/11/2016
https://www.oas.org/EOMDatabase/moeInfo.aspx?Lang=En&Id=390,Haiti,2016,First,Juan Raúl Ferreira,Cristóbal Dupouy Bunster,"Presidential, Legislative","Electoral Justice, Gender",127,"Canada, Chile, France, Mexico, Switzerland, United States of America",07/25/2016,07/27/2016,,11/20/2016,
https://www.oas.org/EOMDatabase/moeInfo.aspx?Lang=En&Id=392,Ecuador,2017,First,Leonel Fernandez Reyna,Stella Yeruti Mendez Cardozo,"Presidential, National Assembly, Popular Consultation, Regional Parliament","Electoral Justice, Gender, Political-Electoral Financing",66,"Bolivia, Dominican Republic, Korea, Republic of, Mexico, Peru, Serbia, Spain, United States of America",11/22/2016,12/05/2016,02/04/2017,02/19/2017,02/25/2017
https://www.oas.org/EOMDatabase/moeInfo.aspx?Lang=En&Id=392,Ecuador,2017,Second,Leonel Fernandez Reyna,Stella Yeruti Mendez Cardozo,Second round Presidential,,77,"Argentina, Chile, Israel, Mexico, Serbia, Spain, United States of America",11/22/2016,12/05/2016,03/22/2017,04/02/2017,04/20/2017
https://www.oas.org/EOMDatabase/moeInfo.aspx?Lang=En&Id=393,Haiti,2017,First,Juan Raúl Ferreira,Cristóbal Dupouy Bunster,"Legislative, Local","Electoral Justice, Gender",77,"Canada, Chile, France, Mexico, Peru, Philippines, United States of America",07/25/2016,,01/12/2017,01/29/2017,
https://www.oas.org/EOMDatabase/moeInfo.aspx?Lang=En&Id=394,Bahamas,2017,First,Sherry Tross,Melene Glynn,Parliamentary,"Electoral Technology, Gender, Political-Electoral Financing",11,"Argentina, Chile, Honduras, Jamaica, Korea, Republic of, Mexico, Paraguay, Peru, Serbia, Spain, United States of America",03/17/2017,03/28/2017,05/05/2017,05/10/2017,05/12/2017
https://www.oas.org/EOMDatabase/moeInfo.aspx?Lang=En&Id=395,Nicaragua,2017,First,Wilfredo Penco,Cristobal Fernandez,Municipal,"Electoral Justice, Electoral Organization, Electoral Technology, Gender, Political-Electoral Financing",60,"Argentina, Bolivia, Chile, Dominican Republic, Germany, Honduras, Korea, Republic of, Luxembourg, Spain, Switzerland",10/09/2017,,10/09/2017,11/05/2017,12/03/2017
https://www.oas.org/EOMDatabase/moeInfo.aspx?Lang=En&Id=396,Honduras,2017,First,Jorge Tuto Quiroga,Gerardo Sanchez,"Presidential, Legislative, Municipal, Local, Regional Parliament","Electoral Justice, Electoral Technology, Gender, Political-Electoral Financing",82,"Argentina, Bolivia, Canada, Chile, Dominican Republic, Israel, Italy, Kazakhstan, Korea, Republic of, Mexico, Spain, Switzerland, United States of America",08/22/2016,09/15/2016,11/06/2017,11/26/2017,12/19/2017
https://www.oas.org/EOMDatabase/moeInfo.aspx?Lang=En&Id=397,Bolivia,2017,First,Guillaume Jean Sebastien Long,Stella Yeruti Mendez Cardozo,Judiciary Organism,,9,"Argentina, Honduras, Korea, Republic of, Mexico, Paraguay, Serbia",03/07/2017,03/13/2017,11/27/2017,12/03/2017,12/06/2017
https://www.oas.org/EOMDatabase/moeInfo.aspx?Lang=En&Id=398,Ecuador,2018,First,Leonardo Valdes Zurita,Stella Yeruti Mendez Cardozo,"Referendum, Popular Consultation","Electoral Justice, Electoral Organization, Electoral Technology, Political-Electoral Financing",9,"Bolivia, Colombia, Korea, Republic of, Mexico, Spain, United States of America",12/15/2017,01/09/2018,01/26/2018,02/04/2018,02/06/2018
https://www.oas.org/EOMDatabase/moeInfo.aspx?Lang=En&Id=401,Costa Rica,2018,First,Andrés Pastrana,Ignacio Gabriel Alvarez Gussoni,"Presidential, Legislative","Electoral Justice, Electoral Organization, Electoral Technology, Political-Electoral Financing",15,"Argentina, Bolivia, Chile, Colombia, France, Korea, Republic of, Peru, United States of America",06/29/2017,07/07/2017,01/25/2018,02/04/2018,02/07/2018
https://www.oas.org/EOMDatabase/moeInfo.aspx?Lang=En&Id=401,Costa Rica,2018,Second,Andrés Pastrana,Ignacio Gabriel Alvarez Gussoni,,,,,06/29/2017,07/07/2017,03/28/2018,04/01/2018,04/05/2018
https://www.oas.org/EOMDatabase/moeInfo.aspx?Lang=En&Id=402,El Salvador,2018,First,Juan Pablo Corlazzoli,Cristóbal Dupouy Bunster,"Legislative, Municipal","Electoral Justice, Electoral Organization, Electoral Technology, Gender, Political-Electoral Financing",29,"Bolivia, Colombia, France, Korea, Republic of, Luxembourg, Spain, United States of America",05/16/2017,05/26/2017,02/17/2018,03/04/2018,03/21/2018
https://www.oas.org/EOMDatabase/moeInfo.aspx?Lang=En&Id=403,Grenada,2018,First,Nestor Mendez,Melene Glynn,Parliamentary,"Electoral Organization, Electoral Technology",6,"France, Spain, United States of America",01/03/2018,01/11/2018,03/06/2018,03/13/2018,03/16/2018
https://www.oas.org/EOMDatabase/moeInfo.aspx?Lang=En&Id=404,Paraguay,2018,First,Laura Chinchilla,Gerardo Sánchez García,National,"Electoral Justice, Electoral Organization, Electoral Technology, Gender, Political-Electoral Financing",41,"Argentina, Bolivia, Peru, Spain, United States of America",06/29/2017,07/05/2017,04/12/2018,04/22/2018,05/04/2018
https://www.oas.org/EOMDatabase/moeInfo.aspx?Lang=En&Id=405,Colombia,2018,First,Kevin Casas Zamora,Cristobal Fernandez,Legislative,"Electoral Justice, Electoral Organization, Electoral Technology, Gender, Indigenous peoples and afrodescendants, Political-Electoral Financing",21,"Bolivia, Canada, France, Korea, Republic of, Spain, United States of America",10/24/2017,10/25/2017,03/03/2018,03/11/2018,03/14/2018
https://www.oas.org/EOMDatabase/moeInfo.aspx?Lang=En&Id=406,Colombia,2018,First,Kevin Casas-Zamora,Cristobal Fernandez,Presidential,"Electoral Justice, Electoral Organization, Electoral Technology, Political-Electoral Financing",79,"Argentina, Bolivia, Canada, France, Germany, Italy, Korea, Republic of, Mexico, Norway, Peru, Spain, Switzerland, United States of America",10/24/2017,10/25/2017,05/16/2018,05/27/2018,05/30/2018
https://www.oas.org/EOMDatabase/moeInfo.aspx?Lang=En&Id=406,Colombia,2018,Second,Kevin Casas-Zamora,Cristobal Fernandez,Second round Presidential,"Electoral Organization, Electoral Technology",32,,10/24/2017,10/25/2017,06/09/2018,06/17/2018,06/21/2018
https://www.oas.org/EOMDatabase/moeInfo.aspx?Lang=En&Id=409,Mexico,2018,First,Leonel Fernandez Reyna,Brenda Carolina Santamaria,"Local, Federal Elections","Electoral Justice, Electoral Organization, Electoral Security, Electoral Technology, Gender, Indigenous peoples and afrodescendants, Political-Electoral Financing",65,"Argentina, Bolivia, Chile, Colombia, Costa Rica, France, Honduras, Israel, Italy, Korea, Republic of, Peru, Serbia, Spain, Switzerland, United States of America",05/08/2018,05/26/2018,06/13/2018,07/01/2018,07/09/2018
https://www.oas.org/EOMDatabase/moeInfo.aspx?Lang=En&Id=410,Brazil,2018,First,Laura Chinchilla,Ignacio Gabriel Alvarez Gussoni,"Presidential, Legislative, Regional, Regional Parliament","Electoral Justice, Electoral Organization, Electoral Technology, Gender, Indigenous peoples and afrodescendants, Media, Political-Electoral Financing",46,"Argentina, Canada, France, Israel, Italy, Japan, Mexico, Peru, Portugal, Serbia, Spain, United States of America",09/17/2017,09/21/2017,09/23/2018,10/07/2018,10/11/2018
https://www.oas.org/EOMDatabase/moeInfo.aspx?Lang=En&Id=410,Brazil,2018,Second,Laura Chinchilla,Ignacio Gabriel Alvarez Gussoni,"Presidential, Regional","Electoral Organization, Electoral Technology, Media",36,"Argentina, Bolivia, Chile, Colombia, France, Germany, Honduras, Israel, Italy, Japan, Mexico, Peru, Portugal, Serbia, Spain, United States of America",09/17/2017,09/21/2017,10/18/2018,10/28/2018,10/31/2018
https://www.oas.org/EOMDatabase/moeInfo.aspx?Lang=En&Id=411,Peru,2018,First,Minou Tavarez Mirabal,Stella Yeruti Mendez Cardozo,Referendum,"Electoral Justice, Electoral Organization, Electoral Technology, Political-Electoral Financing",14,"Bolivia, Chile, Colombia, Honduras, Mexico, United States of America",10/17/2018,10/18/2018,11/30/2018,12/09/2018,12/11/2018
https://www.oas.org/EOMDatabase/moeInfo.aspx?Lang=En&Id=412,El Salvador,2019,First,Juan Pablo Corlazzoli,Gerardo Sánchez García,Presidential,"Electoral Justice, Electoral Organization, Electoral Technology, Political-Electoral Financing",84,"Bolivia, Chile, Colombia, France, Luxembourg, Mexico, Netherlands, Peru, Spain, United States of America",08/10/2018,08/16/2018,01/19/2019,02/03/2019,02/08/2019
https://www.oas.org/EOMDatabase/moeInfo.aspx?Lang=En&Id=413,Ecuador,2019,First,Kevin Casas-Zamora,Stella Yeruti Mendez Cardozo,"Municipal, Local","Electoral Justice, Electoral Organization, Electoral Technology, Gender, Indigenous peoples and afrodescendants, Political-Electoral Financing",35,"Bolivia, Colombia, France, Korea, Republic of, Mexico, Netherlands, Panama, United States of America",02/12/2019,02/12/2019,03/15/2019,03/24/2019,03/28/2019
https://www.oas.org/EOMDatabase/moeInfo.aspx?Lang=En&Id=414,Panama,2019,First,Andrés Pastrana,Ignacio Alvarez Gussoni,"Presidential, National, Local, National Assembly, Regional Parliament","Electoral Justice, Electoral Organization, Electoral Technology, Gender, Indigenous peoples and afrodescendants, Media, Political-Electoral Financing",,,04/23/2019,,04/23/2019,05/05/2019,05/10/2019
https://www.oas.org/EOMDatabase/moeInfo.aspx?Lang=En&Id=415,Guatemala,2019,First,Luis Guillermo Solis,Cristobal Fernandez,"Presidential, Legislative, Vicepresidential, Municipal, Local","Electoral Justice, Electoral Organization, Electoral Security, Electoral Technology, Gender, Indigenous peoples and afrodescendants, Political-Electoral Financing",84,"Bolivia, Brazil, Chile, Colombia, Costa Rica, France, Japan, Mexico, Netherlands, Panama, Peru, Spain, Sweden, Switzerland, United States of America",11/27/2018,11/29/2018,06/05/2019,06/16/2019,07/05/2019
https://www.oas.org/EOMDatabase/moeInfo.aspx?Lang=En&Id=415,Guatemala,2019,Second,Luis Guillermo Solis,Cristobal Fernandez,Second round Presidential,"Electoral Justice, Electoral Organization, Electoral Security, Electoral Technology",87,"Bolivia, Brazil, Chile, Colombia, Costa Rica, France, Italy, Japan, Mexico, Netherlands, Panama, Peru, Spain, Sweden, Switzerland, United States of America",11/27/2018,11/29/2018,08/01/2019,08/11/2019,08/15/2019
https://www.oas.org/EOMDatabase/moeInfo.aspx?Lang=En&Id=416,Colombia,2019,First,Leonardo Antonio Valdes Zurita,Stella Yeruti Mendez Cardozo,Local,"Electoral Justice, Electoral Organization, Electoral Security, Electoral Technology, Gender, Political-Electoral Financing",30,"Brazil, France, Germany, Italy, Mexico, Netherlands, Panama, Switzerland, United States of America",10/18/2019,,10/18/2019,10/27/2019,10/30/2019
https://www.oas.org/EOMDatabase/moeInfo.aspx?Lang=En&Id=418,Bolivia,2019,First,Manuel González Sanz,Gerardo Sánchez García,"Presidential, National Assembly","Electoral Justice, Electoral Organization, Electoral Technology, Gender, Indigenous peoples and afrodescendants, Media, Political-Electoral Financing",92,,04/08/2019,04/11/2019,10/07/2019,10/20/2019,11/10/2019
https://www.oas.org/EOMDatabase/moeInfo.aspx?Lang=En&Id=419,Dominica,2019,First,Hubert Alexander Ingraham,Melene Glynn,Parliamentary,"Electoral Justice, Electoral Organization, Electoral Technology, Gender, Political-Electoral Financing",20,"Bolivia, Guatemala, Netherlands, United States of America",11/25/2019,11/25/2019,11/30/2019,12/06/2019,12/09/2019
https://www.oas.org/EOMDatabase/moeInfo.aspx?Lang=En&Id=420,Peru,2020,First,Eladio Loizaga,Stella Yeruti Mendez Cardozo,Parliamentary,,35,"Bolivia, France, Guatemala, Korea, Republic of, Morocco, Netherlands, United States of America",01/14/2020,,01/14/2020,01/26/2020,01/29/2020
https://www.oas.org/EOMDatabase/moeInfo.aspx?Lang=En&Id=421,Costa Rica,2020,First,Juan Carlos Galindo,Daniel Tovar Angola,Municipal,"Electoral Organization, Electoral Technology, Gender, Indigenous peoples and afrodescendants, Political-Electoral Financing",11,"Bolivia, Colombia, Netherlands, Panama",01/25/2020,,01/25/2020,02/02/2020,02/04/2020
https://www.oas.org/EOMDatabase/moeInfo.aspx?Lang=En&Id=422,Dominican Republic,2020,First,Eduardo Frei Ruiz-Tagle,Cristobal Fernandez,Municipal - Suspended,"Electoral Justice, Electoral Organization, Electoral Technology, Gender, Political-Electoral Financing",25,"Bolivia, Chile, Guatemala, Korea, Republic of, Mexico, Netherlands, Panama, United States of America",09/17/2019,09/27/2019,02/07/2020,02/16/2020,
https://www.oas.org/EOMDatabase/moeInfo.aspx?Lang=En&Id=423,Guyana,2020,First,Bruce Golding,Melene Glynn,"Parliamentary, Regional","Electoral Justice, Electoral Organization, Electoral Technology, Gender, Political-Electoral Financing",17,"Bolivia, Brazil, Chile, France, Guatemala, Korea, Democratic People's Republic of, Mexico, Panama, United States of America",11/20/2019,11/21/2019,02/19/2020,03/02/2020,03/14/2020
https://www.oas.org/EOMDatabase/moeInfo.aspx?Lang=En&Id=424,Dominican Republic,2020,First,Eduardo Alfredo Juan Bernardo Frei Ruiz-Tagle,Cristobal Fernandez,Municipal,"Electoral Justice, Electoral Organization, Electoral Technology",35,"Bolivia, Canada, Germany, Guatemala, Korea, Republic of, Mexico, Spain, United States of America",09/17/2019,09/27/2019,03/07/2020,03/15/2020,03/17/2020
https://www.oas.org/EOMDatabase/moeInfo.aspx?Lang=En&Id=425,Dominican Republic,2020,First,Eduardo Alfredo Juan Bernardo Frei Ruiz-Tagle,Brenda Carolina Santamaria,"Presidential, Regional","Electoral Justice, Electoral Organization, Electoral Technology, Gender, Political-Electoral Financing",73,"Bolivia, Brazil, Canada, Chile, France, Germany, Guatemala, Italy, Korea, Republic of, Mexico, Netherlands, Panama, Spain, United States of America",06/19/2019,09/27/2019,06/29/2020,07/05/2020,07/10/2020
https://www.oas.org/EOMDatabase/moeInfo.aspx?Lang=En&Id=426,Suriname,2020,First,Gonzalo Koncke,Melene Glynn,Parliamentary,"Electoral Justice, Electoral Organization, Electoral Technology, Gender, Political-Electoral Financing",13,"Bolivia, Brazil, Dominican Republic, France, Italy, Netherlands, United States of America",05/21/2020,,05/21/2020,05/25/2020,06/03/2020
https://www.oas.org/EOMDatabase/moeInfo.aspx?Lang=En&Id=427,Bolivia,2020,First,Manuel González Sanz,Gerardo Sánchez García,National,"Electoral Justice, Electoral Organization, Electoral Technology, Gender, Indigenous peoples and afrodescendants, Political-Electoral Financing",40,,10/09/2020,,10/09/2020,10/18/2020,10/22/2020
https://www.oas.org/EOMDatabase/moeInfo.aspx?Lang=En&Id=428,United States of America,2020,First,Luis Almagro,Melene Glynn,"Presidential, Parliamentary","Electoral Justice, Electoral Organization, Electoral Technology, Gender, Media, Political-Electoral Financing",28,"Bolivia, Brazil, Chile, Colombia, Dominican Republic, Panama",10/05/2020,10/20/2020,10/23/2020,11/03/2020,11/07/2020
https://www.oas.org/EOMDatabase/moeInfo.aspx?Lang=En&Id=429,Brazil,2020,First,Agustin Espinosa Lloveras,Ignacio Alvarez Gussoni,Municipal,"Electoral Justice, Electoral Organization, Electoral Technology, Gender, Indigenous peoples and afrodescendants, Media, Political-Electoral Financing",14,"Canada, Dominican Republic, France, Guatemala, United States of America",08/17/2020,08/17/2020,11/07/2020,11/15/2020,12/02/2020
https://www.oas.org/EOMDatabase/moeInfo.aspx?Lang=En&Id=430,Ecuador,2021,First,Isabel De Saint Malo,Stella Yeruti Mendez Cardozo,"Presidential, Legislative","Electoral Justice, Electoral Organization, Electoral Technology, Gender, Indigenous peoples and afrodescendants, Political-Electoral Financing",25,"Bolivia, Brazil, Canada, France, Guatemala, Italy, Korea, Republic of, Mexico, Netherlands, Peru, Spain",01/07/2020,02/13/2020,01/14/2021,02/07/2021,02/22/2021
https://www.oas.org/EOMDatabase/moeInfo.aspx?Lang=En&Id=430,Ecuador,2021,Second,Isabel De Saint Malo,Stella Yeruti Mendez Cardozo,Presidential,"Electoral Justice, Electoral Organization, Electoral Technology",77,"Bolivia, Brazil, Canada, Dominican Republic, France, Guatemala, Italy, Korea, Republic of, Mexico, Netherlands, Peru, Spain, United States of America",01/07/2020,02/13/2020,03/31/2021,04/11/2021,04/15/2021
https://www.oas.org/EOMDatabase/moeInfo.aspx?Lang=En&Id=431,El Salvador,2021,First,María Eugenia Vidal,Ignacio Alvarez Gussoni,"Legislative, Municipal, Regional Parliament","Electoral Justice, Electoral Organization, Electoral Technology, Gender, Political-Electoral Financing",21,,07/17/2020,08/10/2020,02/20/2021,02/28/2021,03/05/2021
https://www.oas.org/EOMDatabase/moeInfo.aspx?Lang=En&Id=432,Bolivia,2021,First,Rodrigo Morales,Gerardo Sánchez García,Municipal,"Electoral Justice, Electoral Organization, Electoral Technology, Gender, Indigenous peoples and afrodescendants, Political-Electoral Financing",16,"Brazil, Chile, Dominican Republic, France, Guatemala, Korea, Republic of, Sweden, United States of America",01/26/2021,01/27/2021,03/02/2021,03/07/2021,03/10/2021
https://www.oas.org/EOMDatabase/moeInfo.aspx?Lang=En&Id=432,Bolivia,2021,Second,Rodrigo Morales,Iná Jost Lins E Silva Chaves,Regional,,7,,01/26/2021,01/27/2021,04/03/2021,04/11/2021,04/13/2021
https://www.oas.org/EOMDatabase/moeInfo.aspx?Lang=En&Id=433,Peru,2021,First,Ruben Dario Ramírez Lezcano,Gerardo Sánchez García,"Presidential, Legislative","Electoral Justice, Electoral Organization, Electoral Technology, Gender, Indigenous peoples and afrodescendants, Political-Electoral Financing",34,"Bolivia, Brazil, Canada, Dominican Republic, Ghana, Guatemala, Italy, Korea, Republic of, Mexico, Spain, Switzerland, United States of America",10/15/2020,10/15/2020,04/02/2021,04/11/2021,04/16/2021
https://www.oas.org/EOMDatabase/moeInfo.aspx?Lang=En&Id=433,Peru,2021,Second,Ruben Dario Ramírez Lezcano,Gerardo Sánchez García,Presidential,"Electoral Justice, Electoral Organization, Electoral Technology",40,"Bolivia, Brazil, Canada, Dominican Republic, France, Ghana, Guatemala, Italy, Korea, Republic of, Mexico, Spain, Switzerland, United States of America",10/15/2020,10/15/2020,05/31/2021,06/06/2021,06/24/2021
https://www.oas.org/EOMDatabase/moeInfo.aspx?Lang=En&Id=434,Mexico,2021,First,Santiago Cantón,Stella Yeruti Mendez Cardozo,"Local, Federal Elections","Electoral Justice, Electoral Organization, Electoral Security, Electoral Technology, Gender, Indigenous peoples and afrodescendants, Media, Political-Electoral Financing",36,"Canada, Dominican Republic, France, Italy, Netherlands, Peru, Spain, United States of America",10/07/2020,10/14/2020,05/26/2021,06/06/2021,06/10/2021
https://www.oas.org/EOMDatabase/moeInfo.aspx?Lang=En&Id=435,Saint Lucia,2021,First,Maricarmen Plata,Melene Glynn,Parliamentary,"Electoral Organization, Electoral Technology, Gender, Political-Electoral Financing",12,"Dominican Republic, Dominican Republic, France, France, Italy, Italy, Korea, Republic of, Korea, Republic of, Netherlands, Peru, Peru, United States of America",07/05/2021,07/08/2021,07/19/2021,07/26/2021,07/28/2021
https://www.oas.org/EOMDatabase/moeInfo.aspx?Lang=En&Id=436,Bahamas,2021,First,Denis Antoine,Melene Glynn,Parliamentary,"Electoral Justice, Electoral Organization, Electoral Technology, Gender, Political-Electoral Financing",18,"Dominican Republic, Italy, Korea, Republic of, Mexico, Netherlands, United States of America",09/02/2021,09/03/2021,09/09/2021,09/16/2021,09/18/2021
https://www.oas.org/EOMDatabase/moeInfo.aspx?Lang=En&Id=438,Paraguay,2021,First,Juan Pablo Corlazzoli,Ignacio Alvarez Gussoni,Municipal,"Electoral Justice, Electoral Organization, Electoral Technology, Gender, Indigenous peoples and afrodescendants, Political-Electoral Financing",,"Dominican Republic, France, Korea, Republic of, Netherlands, United States of America",02/04/2021,02/10/2021,10/01/2021,10/10/2021,10/14/2021
https://www.oas.org/EOMDatabase/moeInfo.aspx?Lang=En&Id=439,Honduras,2021,First,Luís Guillermo Solís,Cristobal Fernandez,"Presidential, Legislative, Municipal, Regional Parliament","Electoral Justice, Electoral Organization, Electoral Technology, Gender, Indigenous peoples and afrodescendants, Political-Electoral Financing",91,,11/24/2020,01/27/2021,11/15/2021,11/28/2021,12/17/2021
https://www.oas.org/EOMDatabase/moeInfo.aspx?Lang=En&Id=440,Costa Rica,2022,First,Isabel Cecilia De Saint Malo,Gerardo Sánchez García,"Presidential, Legislative","Electoral Justice, Electoral Organization, Electoral Technology, Gender, Media, Political-Electoral Financing",18,"Dominican Republic, France, Italy, Korea, Republic of, Peru, Spain, United States of America",09/27/2021,10/06/2021,01/29/2022,02/06/2022,02/12/2022
https://www.oas.org/EOMDatabase/moeInfo.aspx?Lang=En&Id=440,Costa Rica,2022,Second,Isabel Cecilia De Saint Malo Alvarado,Daniel Tovar Angola,Second round Presidential,"Electoral Justice, Electoral Organization, Electoral Technology, Media",16,,09/27/2021,10/06/2021,03/27/2022,04/03/2022,04/06/2022
https://www.oas.org/EOMDatabase/moeInfo.aspx?Lang=En&Id=441,Mexico,2022,First,Fernando Tuesta,Stella Yeruti Mendez Cardozo,Popular Consultation,"Electoral Justice, Electoral Organization, Electoral Technology, Media",14,"Brazil, Canada, Dominican Republic, Korea, Democratic People's Republic of, United States of America",02/15/2022,02/18/2022,04/01/2022,04/10/2022,04/14/2022
https://www.oas.org/EOMDatabase/moeInfo.aspx?Lang=En&Id=442,Colombia,2022,First,Eladio Loizaga,Gerardo Sánchez García,Legislative,"Electoral Justice, Electoral Organization, Electoral Security, Electoral Technology, Gender, Indigenous peoples and afrodescendants, Media, Political-Electoral Financing",22,,11/11/2021,11/15/2021,03/04/2022,03/13/2022,03/18/2022
https://www.oas.org/EOMDatabase/moeInfo.aspx?Lang=En&Id=443,Colombia,2022,First,Eladio Loizaga,Gerardo Sánchez García,Presidential,"Electoral Justice, Electoral Organization, Electoral Security, Electoral Technology, Media",86,"Brazil, Canada, France, Italy, Peru, Spain, Sweden, United States of America",11/11/2021,11/15/2021,05/19/2022,05/29/2022,06/02/2022
https://www.oas.org/EOMDatabase/moeInfo.aspx?Lang=En&Id=443,Colombia,2022,Second,Eladio Loizaga,Gerardo Sánchez García,Second round Presidential,"Electoral Justice, Electoral Organization, Electoral Technology",87,"Brazil, Canada, France, Italy, Korea, Republic of, Peru, Spain, Sweden, United States of America",11/11/2021,11/15/2021,06/06/2022,06/19/2022,06/25/2022
https://www.oas.org/EOMDatabase/moeInfo.aspx?Lang=En&Id=445,Grenada,2022,First,Rosina Elizabeth Wiltshire,Melene Glynn,Parliamentary,"Electoral Organization, Electoral Technology, Gender, Political-Electoral Financing",15,"Canada, France, Italy, Korea, Democratic People's Republic of, Peru, United States of America",05/27/2022,05/31/2022,06/18/2022,06/23/2022,06/26/2022
https://www.oas.org/EOMDatabase/moeInfo.aspx?Lang=En&Id=446,Saint Kitts and Nevis,2022,First,Bruce Golding,Melene Glynn,Federal Elections,"Electoral Justice, Electoral Organization, Electoral Technology, Gender, Political-Electoral Financing",11,"Italy, Netherlands, Peru, United States of America",07/26/2022,07/26/2022,07/31/2022,08/05/2022,08/09/2022
https://www.oas.org/EOMDatabase/moeInfo.aspx?Lang=En&Id=447,Brazil,2022,First,Rubén Ramírez Lezcano,Ignacio Alvarez Gussoni,"Presidential, Legislative, National, National Assembly, Regional Parliament","Electoral Justice, Electoral Organization, Electoral Security, Electoral Technology, Gender, Indigenous peoples and afrodescendants, Political-Electoral Financing",53,"Canada, France, Italy, Korea, Republic of, Netherlands, Peru, Portugal, Spain, Switzerland, United States of America",03/28/2022,03/31/2022,09/23/2022,10/02/2022,01/01/2023
https://www.oas.org/EOMDatabase/moeInfo.aspx?Lang=En&Id=447,Brazil,2022,Second,Rubén Ramírez,Ignacio Alvarez Gussoni,"Regional, Second round Presidential","Electoral Justice, Electoral Organization, Electoral Security, Electoral Technology, Media",56,"Canada, France, Italy, Netherlands, Spain, Switzerland, United States of America",03/28/2022,03/31/2022,10/22/2022,10/30/2022,11/04/2022
https://www.oas.org/EOMDatabase/moeInfo.aspx?Lang=En&Id=449,Peru,2022,First,Maria Alejandra Pericola,Luisa Ferreira Peralta,"Regional, Local","Electoral Justice, Electoral Organization, Electoral Technology, Gender, Indigenous peoples and afrodescendants, Political-Electoral Financing",31,"Brazil, Canada, France, Korea, Republic of, Netherlands, Switzerland, United States of America",03/24/2022,03/30/2022,09/22/2022,10/02/2022,10/08/2022
https://www.oas.org/EOMDatabase/moeInfo.aspx?Lang=En&Id=450,Dominica,2022,First,Perry Christie,Melene Glynn,Parliamentary,"Electoral Justice, Electoral Organization, Electoral Technology, Gender, Political-Electoral Financing",16,"Canada, Italy, Korea, Democratic People's Republic of, Peru, United States of America",11/11/2022,11/15/2022,11/29/2022,12/06/2022,12/08/2022
https://www.oas.org/EOMDatabase/moeInfo.aspx?Lang=En&Id=451,Antigua and Barbuda,2023,First,Bruce Golding,Melene Glynn,Parliamentary,"Electoral Justice, Electoral Organization, Electoral Technology, Gender",11,,01/12/2023,,01/12/2023,01/18/2023,01/20/2023
https://www.oas.org/EOMDatabase/moeInfo.aspx?Lang=En&Id=452,Ecuador,2023,First,Juan Pablo Corlazzoli,Luisa Ferreira Peralta,"Municipal, Local","Electoral Justice, Electoral Organization, Electoral Technology",20,"Canada, Korea, Republic of, Netherlands, Peru, United States of America",06/24/2022,08/10/2022,01/27/2023,02/05/2023,02/11/2023
https://www.oas.org/EOMDatabase/moeInfo.aspx?Lang=En&Id=453,Paraguay,2023,First,Luis Lauredo,Ignacio Alvarez Gussoni,"Presidential, Legislative, National, Regional Parliament","Electoral Justice, Electoral Organization, Electoral Technology, Gender, Indigenous peoples and afrodescendants, Media, Political-Electoral Financing",60,"Brazil, Canada, Italy, Netherlands, Panama, Peru, Spain, United States of America",08/09/2022,08/10/2022,04/19/2023,04/30/2023,05/06/2023
https://www.oas.org/EOMDatabase/moeInfo.aspx?Lang=En&Id=455,Guatemala,2023,First,Eladio Loizaga,Gerardo Sánchez García,"Legislative, National","Electoral Justice, Electoral Security, Electoral Technology, Gender, Indigenous peoples and afrodescendants, Political-Electoral Financing",90,"Canada, Italy, Netherlands, Panama, Peru, Spain, Switzerland, United States of America",07/22/2022,07/25/2022,06/14/2023,06/25/2023,06/30/2023
https://www.oas.org/EOMDatabase/moeInfo.aspx?Lang=En&Id=455,Guatemala,2023,Second,Eladio Loizaga,Gerardo Sánchez García,Second round Presidential,"Electoral Justice, Electoral Organization, Electoral Technology, Political-Electoral Financing",87,,07/22/2022,07/25/2022,08/07/2023,08/20/2023,
https://www.oas.org/EOMDatabase/moeInfo.aspx?Lang=En&Id=456,Ecuador,2023,First,Isabel De Saint Malo,Stella Yeruti Mendez Cardozo,"Presidential, Legislative, Popular Consultation","Electoral Justice, Electoral Organization, Electoral Security, Electoral Technology, Gender, Indigenous peoples and afrodescendants, Political-Electoral Financing",80,"Brazil, Canada, France, Netherlands, Panama, Peru, Spain, United States of America",06/08/2023,06/09/2023,08/10/2023,08/20/2023,08/26/2023
https://www.oas.org/EOMDatabase/moeInfo.aspx?Lang=En&Id=456,Ecuador,2023,Second,Isabel De Saint Malo,Stella Yeruti Mendez Cardozo,Special Election,"Electoral Justice, Electoral Organization, Electoral Security, Electoral Technology",83,,06/08/2023,06/09/2023,10/05/2023,10/15/2023,10/20/2023
https://www.oas.org/EOMDatabase/moeInfo.aspx?Lang=En&Id=457,Colombia,2023,First,Soledad García Muñoz,Ignacio Alvarez Gussoni,Municipal,"Electoral Justice, Electoral Organization, Electoral Security, Electoral Technology, Gender, Indigenous peoples and afrodescendants, Political-Electoral Financing",25,,05/02/2023,05/17/2023,10/19/2023,10/29/2023,11/02/2023
https://www.oas.org/EOMDatabase/moeInfo.aspx?Lang=En&Id=458,El Salvador,2024,First,Isabel De Saint Malo,Gerardo Sánchez García,Presidential,"Electoral Justice, Electoral Organization, Electoral Security, Electoral Technology, Gender, Indigenous peoples and afrodescendants, Media, Political-Electoral Financing",95,,08/24/2023,08/31/2023,01/25/2024,02/04/2024,02/19/2024
https://www.oas.org/EOMDatabase/moeInfo.aspx?Lang=En&Id=459,Costa Rica,2024,First,Juan Pablo Corlazzoli,Luisa Ferreira Peralta,Municipal,"Electoral Justice, Electoral Organization, Electoral Technology, Gender, Political-Electoral Financing",14,"Brazil, Canada, France, Korea, Republic of, Panama, United States of America",08/10/2023,08/31/2023,01/28/2024,02/04/2024,02/07/2024
https://www.oas.org/EOMDatabase/moeInfo.aspx?Lang=En&Id=460,El Salvador,2024,First,Isabel De Saint Malo,Gerardo Sánchez García,Municipal,"Electoral Justice, Electoral Organization, Electoral Technology, Gender",30,,08/24/2023,08/31/2023,02/23/2024,03/03/2024,03/07/2024
https://www.oas.org/EOMDatabase/moeInfo.aspx?Lang=En&Id=461,Dominican Republic,2024,First,Eladio Ramón Loizaga Lezcano,Cristobal Fernandez,Municipal,"Electoral Justice, Electoral Organization, Electoral Technology, Gender, Political-Electoral Financing",16,,02/08/2024,,02/08/2024,02/18/2024,02/21/2024
https://www.oas.org/EOMDatabase/moeInfo.aspx?Lang=En&Id=462,Panama,2024,First,Susana Malcorra,Ignacio Gabriel Alvarez Gussoni,"Presidential, Legislative, Municipal","Electoral Justice, Electoral Organization, Electoral Technology, Gender, Indigenous peoples and afrodescendants, Media, Political-Electoral Financing",70,,11/21/2022,12/08/2022,04/24/2024,05/05/2024,05/10/2024
https://www.oas.org/EOMDatabase/moeInfo.aspx?Lang=En&Id=463,Ecuador,2024,First,Patricio Francisco Santamaría Mutis,Veronica Alvarez,"Referendum, Popular Consultation","Electoral Justice, Electoral Organization, Electoral Technology, Political-Electoral Financing",15,,03/05/2024,03/07/2024,04/11/2024,04/21/2024,04/25/2024
https://www.oas.org/EOMDatabase/moeInfo.aspx?Lang=En&Id=465,Mexico,2024,First,Muñoz Heraldo,Stella Yeruti Mendez Cardozo,"Presidential, Local, Federal Elections","Electoral Justice, Electoral Organization, Electoral Security, Electoral Technology, Gender, Indigenous peoples and afrodescendants, Media, Political-Electoral Financing",97,"Brazil, Canada, Dominican Republic, Italy, Korea, Republic of, Netherlands, Spain, Switzerland, United States of America",07/21/2023,07/31/2023,05/22/2024,06/02/2024,06/11/2024
https://www.oas.org/EOMDatabase/moeInfo.aspx?Lang=En&Id=466,Dominican Republic,2024,First,Eduardo Frei Ruiz-Tagle,Cristobal Fernandez,"Presidential, Legislative","Electoral Justice, Electoral Organization, Electoral Technology, Gender, Political-Electoral Financing",81,,10/09/2023,11/12/2023,05/09/2024,05/19/2024,05/24/2024
https://www.oas.org/EOMDatabase/moeInfo.aspx?Lang=En&Id=467,Brazil,2024,First,Agustín Espinosa,Ignacio Gabriel Alvarez Gussoni,Municipal,"Electoral Justice, Electoral Organization, Electoral Security, Electoral Technology, Gender, Indigenous peoples and afrodescendants, Media, Political-Electoral Financing",15,,08/15/2024,08/16/2024,09/27/2024,10/06/2024,10/09/2024
https://www.oas.org/EOMDatabase/moeInfo.aspx?Lang=En&Id=467,Brazil,2024,Second,Agustin Milton Espinosa Lloveras,Ignacio Gabriel Alvarez Gussoni,Municipal,"Electoral Justice, Electoral Organization, Electoral Security, Electoral Technology, Gender, Indigenous peoples and afrodescendants, Media, Political-Electoral Financing",5,,08/15/2024,08/16/2024,10/24/2024,10/27/2024,10/29/2024
https://www.oas.org/EOMDatabase/moeInfo.aspx?Lang=En&Id=468,United States of America,2024,First,Luis Almagro,Melene Glynn,Presidential,"Electoral Justice, Electoral Organization, Electoral Technology, Gender, Indigenous peoples and afrodescendants, Media, Political-Electoral Financing",41,,08/06/2024,08/08/2024,10/25/2024,11/05/2024,11/11/2024
https://www.oas.org/EOMDatabase/moeInfo.aspx?Lang=En&Id=469,Bolivia,2024,First,Edison Lanza,Stella Yeruti Mendez Cardozo,Judiciary Organism,"Electoral Justice, Electoral Organization, Electoral Technology, Gender",17,,10/01/2024,10/02/2024,12/06/2024,12/15/2024,12/19/2024
